criminal_id,name,alias,age,gender,district_id,aadhaar_hash,status,created_at
1,Veer Randhawa,,29,Male,22,d64b8ad7b42f009f,convicted,2024-05-04
2,Victor Acharya,,23,Male,8,988e660c252ed6eb,convicted,2023-10-25
3,Irya Gera,,49,Female,19,8895d9e43ae339da,absconding,2025-12-12
4,Mitesh Buch,Qasim,23,Male,22,900906e1a1e69d25,absconding,2024-03-02
5,Harsh Sarkar,,24,Male,8,8efee2554a20c004,absconding,2024-11-14
6,Jason Dube,,31,Male,14,e427d4656750140b,arrested,2026-04-26
7,Aarnav Sood,,32,Male,5,ef3e16fb5881cd5c,absconding,2024-01-09
8,Orinder Chaudhry,,34,Male,13,acce6c4cef305e2b,absconding,2024-03-06
9,Shravya Kala,Urmi,33,Female,6,abc64e4113db3b22,absconding,2024-06-21
10,Vincent Kibe,Gopal,51,Male,1,4775d2322b4118df,acquitted,2025-11-25
11,Devansh Nadkarni,,32,Male,31,2325484f8b622592,absconding,2025-09-22
12,Sudiksha Narain,,52,Female,27,67d11f56de985ebc,acquitted,2025-01-17
13,Simon Ramesh,,47,Male,5,0a373e1044a712b0,absconding,2025-10-12
14,Oscar Suresh,,32,Male,7,a9409979cab4b227,acquitted,2025-01-20
15,Janya Gokhale,,19,Female,27,9196cc9bd49c3a5a,acquitted,2026-05-08
16,Qarin Pathak,Harini,48,Male,12,4dd9bd3149ecb929,convicted,2024-08-22
17,Sneha Brahmbhatt,,47,Female,14,c2071f9906962a98,convicted,2024-04-21
18,Ekapad Tata,Raghav,47,Male,20,47119ff8f9960747,acquitted,2024-03-05
19,Jagvi Mittal,,33,Female,23,c4ffd8d32f7cd130,acquitted,2024-08-21
20,Chakradhar Nori,,51,Male,13,107c60fee43df9f5,on_bail,2023-12-25
21,Hemangini Sandal,Matthew,32,Female,1,f02cb39bed6f3081,absconding,2023-12-15
22,Nimrat Ram,Vasana,34,Female,8,ee0fc383737a740a,on_bail,2024-11-11
23,Leena Sama,Praneel,25,Female,28,97251a39b9ebd55b,acquitted,2025-05-13
24,Sneha Varughese,,28,Female,26,fdd05f60b83354ef,arrested,2025-10-17
25,Vidhi Butala,,29,Female,27,73bdeab66a8ea326,on_bail,2024-05-11
26,Daksha Ravel,Advik,22,Female,3,83717c42f21309ea,absconding,2024-11-23
27,Nathaniel Dave,Yashica,24,Male,23,42db4d65e8b01c5c,convicted,2026-02-06
28,Utkarsh Apte,Vedika,60,Male,15,e1a7356e2ce4f56c,convicted,2025-08-08
29,Udyati Bhagat,,39,Female,12,8178804263218963,acquitted,2024-01-11
30,Unnati Kuruvilla,,43,Female,2,fa55cb70c439eaa2,absconding,2024-10-20
31,Varenya Thakkar,Kashish,39,Female,11,1495398ed4ac085e,on_bail,2024-12-20
32,Oviya Warrior,Janya,39,Female,9,1b54ec5043d805d8,arrested,2023-09-20
33,Gaurav Samra,Leela,45,Male,11,8f03f71e22a102eb,acquitted,2025-09-27
34,Falguni Amble,,35,Female,28,91540e19beef5b1b,convicted,2024-11-25
35,Kai Hora,Yutika,25,Male,8,d5fec28d56c21d29,absconding,2023-12-30
36,Teerth Bava,Ucchal,27,Male,19,2f2a76c095a23dec,absconding,2024-08-31
37,Anusha Dara,,36,Female,23,ef3579c009b1228f,convicted,2024-09-28
38,Victor Peri,,53,Male,4,51fb2d1473fb53c5,absconding,2024-02-10
39,Reva Krishnan,Pavani,22,Female,9,5fe199d751f320a0,convicted,2025-07-25
40,Manbir Bajwa,Amara,19,Male,23,aa50f2804f6ee2fd,convicted,2026-03-28
41,Nandini Parikh,Omisha,39,Female,8,381b6d90e23baa4d,absconding,2024-09-09
42,Vansha Nair,,54,Female,27,933c9ca73624a23b,arrested,2025-09-13
43,Andrew Choudhury,,45,Male,29,26d3d96746b685df,absconding,2023-12-27
44,Andrew Wali,,59,Male,24,35e62036f953959e,on_bail,2024-03-06
45,Kritika Gill,,38,Female,26,aa9c87fc2efce55f,arrested,2025-08-13
46,Charvi Date,Maanav,47,Female,27,bc3e43dc539bf5fd,absconding,2024-09-09
47,Tanveer Maharaj,,59,Male,10,ecec379ca57ca5c5,on_bail,2024-01-22
48,Vasudha Kohli,Tara,55,Female,30,791f1709a37cdb2a,absconding,2024-03-18
49,Brinda Narain,,39,Female,29,491eaa01b43a837f,acquitted,2024-07-15
50,Anirudh Din,,35,Male,31,ba4bb0f44612e3b0,arrested,2025-06-12
51,Sai Vala,Farhan,25,Female,28,a032757e32603316,arrested,2025-11-01
52,Matthew Sami,,44,Male,28,5a6bd4de08ac8a51,acquitted,2025-04-29
53,Alka Gour,,33,Female,23,8d75c39f16d1c993,arrested,2025-08-06
54,Chaaya Sant,,40,Female,22,5dc09ac6bce1404c,on_bail,2026-01-09
55,Inaya Lal,Chavvi,53,Female,17,90b9f882f5781101,acquitted,2024-02-24
56,Aryan Prasad,Urvashi,49,Male,29,960deb97eb16e825,convicted,2025-01-07
57,Tejas Maharaj,Quincy,37,Male,27,3e67f8ad8ef512ac,arrested,2023-10-12
58,Yamini Bath,Mohini,50,Female,23,8b2f2baffa22c497,acquitted,2024-10-31
59,Meghana Mahajan,,25,Female,30,d14422da67a7a8f4,convicted,2024-05-04
60,Tanvi Johal,,36,Female,26,63f6a64573e43111,on_bail,2025-05-12
61,Sarthak Dayal,Anvi,28,Male,4,f1ce52dcb581bcad,acquitted,2025-08-21
62,Vihaan Nadkarni,Gunbir,35,Male,26,93aa58431341941b,convicted,2025-02-27
63,Jeevika Badami,,41,Female,2,7a4f8025ea6f6ba6,on_bail,2023-10-06
64,Janya Bhatt,,43,Female,21,16f2160b49fbdbd2,acquitted,2024-09-14
65,Veda Salvi,,31,Female,29,4b71c54d456e8547,arrested,2024-12-04
66,Robert Soni,,32,Male,19,25dee92ae5153da5,absconding,2023-12-08
67,Onveer Oak,,59,Male,8,e68537da167507b2,acquitted,2024-12-30
68,Oscar Saxena,,30,Male,19,bc716cea2d208a7a,acquitted,2024-11-05
69,Vihaan Tara,Shivansh,28,Male,9,5efb777ee5535f9c,absconding,2024-06-03
70,Robert Kumer,Neha,45,Male,5,9e2d8248ee5bfeb3,on_bail,2025-02-11
71,Balveer Sur,Hemani,52,Male,8,c07c7beb32df1cea,convicted,2024-07-01
72,Hemang Wagle,,21,Male,26,689d1d6369ce1eae,absconding,2024-11-03
73,Nidra Manne,,24,Female,28,319468ef051c73f0,arrested,2023-09-23
74,Varsha Sibal,Ayushman,21,Female,6,9a0ad329aa44e4eb,convicted,2024-09-16
75,Geetika Pandey,Raagini,20,Female,1,63c830257e5b4527,on_bail,2024-04-13
76,Advay Mander,,37,Male,27,af532b8447c01cc6,absconding,2025-07-16
77,Kamya Prashad,Karan,33,Female,17,db0d33089a5e4a57,on_bail,2026-04-09
78,David Chatterjee,Meghana,50,Male,29,72569eb88ca0fd25,acquitted,2025-07-10
79,Jagvi Choudhry,Bimala,22,Female,3,5220f8bffd2c19d4,convicted,2025-09-28
80,Fariq Rattan,,51,Male,16,e0122a4ee448a918,on_bail,2025-05-17
81,Qushi Kalla,Omya,32,Female,11,61209d5b1d005e7c,arrested,2025-03-09
82,Odika Patil,Hitesh,60,Female,10,26fdc7e6fa034e96,absconding,2024-02-03
83,Zayan Wason,,27,Male,2,f2d991cd7bbbf648,absconding,2024-12-22
84,Isaiah Raval,Warda,24,Male,7,86facd5d84b062eb,absconding,2023-12-24
85,Luke Sengupta,Naksh,54,Male,9,f0bfe61716c4e6c8,absconding,2025-09-04
86,Ryan Mani,Aarush,38,Male,10,38f7f7e2a0e3ddd5,absconding,2026-04-25
87,Vincent Gera,,57,Male,14,e5d6ca8f024fb818,absconding,2025-05-20
88,Rehaan Sahota,,58,Male,12,778628883679ab33,acquitted,2025-03-12
89,Samesh Gulati,Ayush,42,Male,11,c925af347fbbccbc,arrested,2025-09-08
90,Ekapad Thakur,,34,Male,9,67233693a6e1210b,convicted,2024-10-02
91,Tara Bajaj,,50,Female,10,9b81a509d5b19c50,acquitted,2025-06-05
92,Kritika Ganesan,,59,Female,22,6b73ab2e27439d74,convicted,2024-02-18
93,Chandani Prabhakar,,27,Female,30,4a40b8511d454f5a,acquitted,2025-06-18
94,Saumya Vaidya,,31,Female,26,7ac1df793f13e6b5,convicted,2025-10-15
95,Faris Shankar,,18,Male,11,e5c0af6d34632689,absconding,2025-09-29
96,Jagdish Gill,,24,Male,10,af0383f37224b93a,convicted,2024-07-01
97,Irya Naidu,Kevin,27,Female,15,d6e5b864bcc91bba,arrested,2025-07-28
98,Bachittar Balasubramanian,,59,Male,22,78f123c7cebbcd58,absconding,2026-01-12
99,Vihaan Sharaf,Yash,58,Male,25,97050633ddfa88a9,absconding,2024-09-15
100,Kavya Goel,,18,Female,14,93d624281ece42ed,absconding,2026-02-13
101,Zashil Choudhry,,26,Male,6,af13ad04b33064ad,absconding,2025-01-01
102,Fariq Konda,,60,Male,24,348b38f123156b07,on_bail,2026-02-04
103,Bhavya Amble,,44,Female,26,8f08f01ecbe0c1fa,convicted,2024-07-18
104,Samar Venkatesh,,49,Male,30,c3995f5bb6f03e3e,absconding,2024-08-07
105,Sanya Bobal,Omisha,33,Female,3,bb51b127155b66fa,convicted,2025-10-28
106,Dipta Walla,Arjun,23,Female,31,26f480de3b33a861,on_bail,2025-09-16
107,Warda Bhasin,Brinda,38,Female,6,b3c99876148cf2e9,on_bail,2024-04-16
108,Anusha Patla,,28,Female,24,b3a2f4dd642932a4,arrested,2025-12-10
109,Yashodhara Sarraf,,43,Female,26,8f3fd7873caa4b98,convicted,2026-04-09
110,David Chawla,Madhav,37,Male,16,1156b596dcf55206,acquitted,2026-05-14
111,Daksh Gara,Jeevika,42,Male,6,519bf38a7f7618da,absconding,2024-09-01
112,Omkaar Dhar,,24,Male,26,5a9aeb627b314ffd,on_bail,2026-02-01
113,Warhi Kade,,41,Female,29,8c866b1735506768,acquitted,2024-01-22
114,Chasmum Narayan,,37,Female,30,3a19096916639a38,acquitted,2024-09-03
115,Vasudha Swamy,,18,Female,18,411fbb95a91bf541,acquitted,2025-09-01
116,Leena Oommen,,35,Female,26,c0c22a4007696228,on_bail,2024-09-11
117,Vamakshi Narayanan,Shravya,54,Female,28,c4ca387cfa403401,convicted,2025-01-27
118,Mahika Banik,,22,Female,20,0d2f18cfeff24d71,arrested,2025-09-06
119,Falak Vig,,23,Female,5,6194d5c04567a7cd,on_bail,2025-12-30
120,Agastya Kant,Kamala,36,Male,4,bbeacccf7d8098d4,absconding,2024-08-09
121,Madhav Mohanty,,48,Male,8,cb823869511902ff,convicted,2025-11-28
122,Niharika Soman,,24,Female,5,33aa9d8fa19339f9,arrested,2024-04-12
123,Manan Dubey,,29,Male,18,f09d013a1e606046,absconding,2024-09-16
124,Falak Master,,29,Female,11,0c04fbad8dacd6b4,arrested,2026-04-20
125,Kabir Kari,,23,Male,21,7cdfe6a282413c45,acquitted,2024-11-01
126,Jagvi Mitter,,50,Female,12,b04efc4805b1c4ee,convicted,2025-10-11
127,Abha Lad,,33,Female,8,7862d7506826db49,convicted,2025-12-14
128,Samaksh Sood,,47,Male,21,fc0cf50d91a6ec7d,arrested,2025-06-27
129,Pooja Dugal,,31,Female,7,12a6be8448b5d4cf,convicted,2024-04-22
130,Rachit Radhakrishnan,,47,Male,16,41e6a6dcfcf3f196,on_bail,2024-10-01
131,Hamsini Vohra,,55,Female,13,ccc1a9243c25ce5f,on_bail,2025-10-14
132,Harita Sule,Ladli,28,Female,12,5c24ee336e2a33a7,on_bail,2024-11-15
133,Bhavini Oommen,Umang,38,Female,3,0c2de23c9075dd0e,on_bail,2024-08-03
134,Ishanvi Kapur,,35,Female,25,127d6a2437e0af25,absconding,2025-07-21
135,Liam Dar,,21,Male,21,5a3b75c57c2f30bc,on_bail,2025-09-12
136,Rachana Tara,,36,Female,9,6735e69b45f07504,arrested,2026-05-13
137,Abha Viswanathan,,43,Female,17,74db56bfc7d12662,absconding,2025-03-05
138,Isha Patla,Bachittar,37,Female,13,6a62ad7965a2df12,on_bail,2024-04-20
139,Chandran Narayan,,21,Male,6,c9d81945194ab100,acquitted,2023-12-10
140,Lopa Warrior,,33,Female,16,90e2d6378fd6559c,convicted,2025-06-10
141,Baghyawati Sekhon,,21,Female,11,ad830344ba37b92a,absconding,2025-06-15
142,Krisha Kunda,Qadim,51,Female,8,7823106ae1562578,acquitted,2026-05-14
143,Jhalak Shan,,39,Female,26,6f1b35267cc59e36,acquitted,2025-07-24
144,Anusha Lata,,18,Female,29,d94a7bf74e4c1772,on_bail,2023-11-09
145,Chakradev Gupta,Devansh,56,Male,26,2cc9714c5969ebbb,convicted,2025-05-28
146,Max Bhat,,34,Male,12,48a78f518c93b118,convicted,2025-03-21
147,Ishaan Kohli,Vansha,40,Male,15,b651848ac1b4259f,convicted,2024-10-31
148,Chandran Yadav,Charan,21,Male,20,5d12228b444288de,on_bail,2026-02-04
149,Balhaar Hegde,,19,Male,9,e4bd2c8331afacad,arrested,2025-02-01
150,Devika Sathe,,58,Female,24,f251c34135e87ff0,convicted,2024-06-22
151,Wazir Hora,,35,Male,6,24d55aa455dbc546,arrested,2023-11-21
152,Janaki Sur,,58,Female,14,cfd4570085a6ab0c,arrested,2025-03-03
153,Aayush Sani,,32,Male,26,08f6e4068d32044c,on_bail,2026-04-09
154,Timothy Hayer,Tanmayi,25,Male,17,098ba904b2b3726b,absconding,2025-08-13
155,Ladli Ray,,54,Female,16,b3b6797027f70cbf,acquitted,2026-04-03
156,Xiti Goda,,43,Female,30,486a813a321e1afd,on_bail,2025-11-04
157,Yashica Subramanian,Yoshita,31,Female,28,ad6c9ff3015a8f27,absconding,2024-08-18
158,Netra Lalla,,45,Female,26,d36c21d12e616e68,arrested,2025-07-02
159,Onkar Maharaj,,21,Male,20,7e78b10d4a8946b8,on_bail,2024-04-15
160,Urvi Choudhury,,30,Female,29,cf490369bde07381,acquitted,2026-04-05
161,Widisha Ahuja,,58,Female,6,68a175034f694c57,on_bail,2025-10-31
162,Yashoda Singhal,Warhi,32,Female,31,0daa9f48fa85f8c1,arrested,2026-02-22
163,Gaurav Bhatti,,27,Male,11,df06ae38237a72e7,absconding,2024-05-10
164,Max Chandra,,25,Male,24,6628ec52c6a5053b,absconding,2025-10-05
165,Pavani Yohannan,,53,Female,26,0108af659f7b3340,absconding,2023-11-18
166,Gunbir Chopra,Vincent,49,Male,25,972cac738170a50b,acquitted,2024-09-07
167,Mitesh Thaker,Dalaja,43,Male,22,121ef86d9ecbebdc,acquitted,2024-03-13
168,Zilmil Sodhi,Harshil,44,Female,8,fbabb53e1e653170,convicted,2023-09-24
169,Jagrati Dubey,,50,Female,20,2a160a3f11ebba75,on_bail,2023-10-05
170,Farhan Handa,Meghana,23,Male,10,a3d6ac20ea69dbf7,convicted,2025-06-21
171,Farhan Dugar,,31,Male,27,501d931f00621e5f,arrested,2023-11-07
172,Warjas Saha,Amruta,49,Male,23,27d8d57a0748021f,arrested,2024-02-28
173,Lekha Sodhi,Chavvi,20,Female,18,35e155c8e1a54b43,absconding,2024-01-01
174,Eta Mohan,,37,Female,31,880a4e4f4cd2f4b1,arrested,2024-09-12
175,Peter Murty,,57,Male,13,edfe62479f28b714,acquitted,2024-09-07
176,Nikita Sandal,,33,Female,18,6e14a8e077f8826a,acquitted,2023-12-01
177,Turvi Ahluwalia,,38,Female,28,1edca85c05107f7f,arrested,2023-12-20
178,Baghyawati Rege,,41,Female,20,3edd06da5fd08c94,acquitted,2026-05-03
179,Ekaraj Shan,Anusha,39,Male,24,4e9e9831ef4f9258,arrested,2024-07-02
180,Isha Joshi,,54,Female,19,b110d2cf4337a63e,convicted,2025-12-10
181,Manan Prakash,,29,Male,11,f0ed60124fcf2c75,arrested,2026-04-09
182,Naveen Sane,,56,Male,4,d2bcfaa7ae74a30a,arrested,2025-04-22
183,Omaja Iyengar,,25,Female,13,c724fdbb4cdf9c38,convicted,2025-09-23
184,Yashasvi Sarraf,,41,Female,26,2da4f79c9f54f0e8,on_bail,2025-05-18
185,Chatresh Borde,,58,Male,26,7c9d7770dbad4b1e,acquitted,2026-02-10
186,Gaurika Nanda,Varsha,42,Female,9,17968eccee60c034,absconding,2025-07-11
187,Arin Ramakrishnan,,44,Male,13,794382a0d442dec9,arrested,2025-07-17
188,Kritika Mammen,,49,Female,18,11817208866a908e,convicted,2024-03-26
189,Ayushman Chaudhuri,Daksh,58,Male,13,247fd321fe8ebb91,absconding,2026-02-16
190,Lakshit Yogi,,21,Male,18,b9e036419dda9b54,arrested,2024-07-25
191,Urvashi Mane,Indrajit,57,Female,25,33a58c09458f2dc6,absconding,2025-10-20
192,Ekani Borah,Ekta,48,Female,20,d5a70fdf234a87c0,on_bail,2024-01-01
193,Forum Dora,Chandani,35,Female,14,7615e47f0cacf34d,arrested,2025-04-30
194,Chaitanya Sarma,,31,Male,11,ac4d2032d123ef37,absconding,2025-02-16
195,Omisha Lad,Bishakha,22,Female,17,e132387ea87a7f61,absconding,2025-05-09
196,Ekaraj Bir,,40,Male,7,64dade224324abeb,convicted,2025-05-28
197,Radha Sehgal,,31,Female,7,fa6c18d2ee2ff514,convicted,2025-10-25
198,Hiral Nagi,,37,Female,25,a205e3e2dca36874,acquitted,2024-10-26
199,Ishaan Sharma,Janaki,19,Male,24,5ebbfc8fda253f01,absconding,2023-10-12
200,Hardik Lad,,29,Male,27,16c1033b48106075,absconding,2023-10-23
201,Advay Dey,Jagdish,46,Male,20,cbfe3709cdac9a14,convicted,2025-04-26
202,Tanay Randhawa,,43,Male,6,c7db1701751d0260,arrested,2025-04-28
203,Arunima Wadhwa,Darpan,48,Female,8,9e082cc4f5479fc3,acquitted,2025-01-17
204,Adweta Sarkar,,24,Female,1,f45da3eac5e5c7e7,arrested,2024-04-26
205,Yashawini Narain,,29,Female,16,46f85cf0807e0ae2,absconding,2025-01-05
206,Lohit Nath,Ekalinga,49,Male,11,b5cf9ceba18f5218,on_bail,2024-03-19
207,Chakradhar Chowdhury,,57,Male,27,cbd23f049613c272,on_bail,2026-03-20
208,Yashvi Chahal,Upadhriti,48,Female,31,df50fe883fdf9fdb,acquitted,2024-05-04
209,Balhaar Sankar,,48,Male,29,e4b964fd81f3e49d,absconding,2025-02-22
210,Viraj Seth,Max,51,Male,8,d55bd0f6c40ee30c,on_bail,2024-03-29
211,Balhaar Gopal,Harinakshi,42,Male,30,de0ce3f50ad69e5e,arrested,2024-06-08
212,Tarak Bail,,56,Male,17,ea5c08d6520b252a,on_bail,2026-02-16
213,Nandini Ahuja,,40,Female,30,0134454e1f6c1e3d,absconding,2024-09-18
214,Adya Anand,,31,Female,9,b504658c55467e33,arrested,2023-11-14
215,Neel Sane,Matthew,51,Male,24,a875b15eeb206ffa,convicted,2026-03-29
216,Isaac Narain,Tanvi,50,Male,27,fa003a8a0cb80a86,arrested,2024-05-24
217,Raagini Dua,Ranbir,55,Female,26,38403a145cd90fa4,acquitted,2025-05-12
218,Harshil Morar,,36,Male,3,6f4e994e355515b3,acquitted,2025-02-13
219,Chandresh Bal,,37,Male,17,bb8063d5107f4772,convicted,2023-11-27
220,Devansh Zachariah,Ijaya,36,Male,13,a835ef8054e68a3e,convicted,2025-08-21
221,Omisha Murty,,45,Female,7,38b8fd6a43fdf0a7,on_bail,2024-10-11
222,Hemang Jaggi,,23,Male,18,5cf7188e501728fb,absconding,2026-03-04
223,Gautami Samra,,28,Female,21,ba2d136e19015b31,absconding,2023-12-13
224,Jackson Kalla,,55,Male,15,60db61359005c936,on_bail,2023-09-28
225,Agastya Devan,,45,Male,23,9c7d8dc8705e98bd,acquitted,2024-11-22
226,Diya Prashad,,50,Female,24,a2ecf5b4168dd4e7,acquitted,2025-11-19
227,Tristan Joshi,,41,Male,15,42461313ec6721ff,absconding,2026-03-03
228,Aryan Sekhon,Reva,39,Male,20,9fb36285bbb92a2f,arrested,2025-11-20
229,Ira Jha,Lajita,54,Female,7,152286c34bffb67f,on_bail,2025-05-10
230,Charita Gill,,23,Female,26,2d497d08ae118883,convicted,2025-03-30
231,Finn Kadakia,,23,Male,23,d2e95094ce1cdb49,arrested,2024-01-16
232,Yash Parmar,,21,Male,3,f063a6d2f577c9bf,convicted,2025-11-04
233,Sarthak Halder,,36,Male,15,ea1739979f4805ab,absconding,2025-08-04
234,Chakradev Tripathi,Jagvi,46,Male,21,f189c4bd8e0840ad,on_bail,2025-02-21
235,Lakshmi Trivedi,Isaac,35,Female,21,a54bcf1441509eeb,on_bail,2023-12-13
236,Abhiram Amble,Lajita,46,Male,5,84255b800b84d2f2,arrested,2024-03-31
237,Ryan Chaudhry,,44,Male,1,3debc7826924b048,on_bail,2024-05-31
238,Radha Mukherjee,Dhruv,47,Female,7,110b5ad396aa78dc,convicted,2025-05-03
239,Netra Karnik,,41,Female,7,cc5eab81ccc11c18,acquitted,2026-03-01
240,Saumya Sinha,,40,Female,20,3138e9a4a7700549,on_bail,2024-08-02
241,Laksh Naik,Chakradev,27,Male,13,a48e5696712469c5,acquitted,2025-04-14
242,Kritika Goel,,31,Female,25,1fde9a638a0343c8,convicted,2026-03-22
243,Devansh Venkataraman,,23,Male,30,5be7e8657ae270cd,on_bail,2023-09-28
244,Ekiya Singhal,Balvan,28,Female,17,451a5682d3fe193c,arrested,2024-01-31
245,Henry Memon,Kamya,36,Male,1,fe24c9ffb134235d,on_bail,2025-10-22
246,Farhan Saini,,38,Male,17,da7a73a79dc2b45e,absconding,2025-04-17
247,Harita Venkataraman,Max,24,Female,14,67d1fb5feae0aaba,acquitted,2024-07-07
248,Qabil Choudhary,Nicholas,35,Male,13,e065e73e10b69eca,absconding,2026-04-17
249,Yadavi Jani,Damini,51,Female,18,f19902092ef4b3ca,absconding,2024-07-04
250,Ridhi Lanka,Ekani,19,Female,25,53f9a0273fd6109e,convicted,2024-03-27
251,Amara Narula,Ayush,57,Female,26,67a5e3905fb59b9c,acquitted,2026-04-07
252,Anika Dhawan,,55,Female,11,000f2e455fce87b3,convicted,2025-06-12
253,Arin Zacharia,,24,Male,10,c7cd5bdcf36475bd,acquitted,2023-11-22
254,Zaitra Gara,,60,Female,20,aa47eeb11fcb4d8f,acquitted,2025-01-30
255,Chandresh Aurora,,34,Male,17,8a82a28b55709b5e,acquitted,2023-10-06
256,Isaac Chanda,,49,Male,16,486427b95242b11c,absconding,2025-03-08
257,Bhavini Chowdhury,,21,Female,22,cb1a1d06d36cb2e1,acquitted,2024-11-23
258,Vedika Sagar,,52,Female,10,0c72401def3ca66e,acquitted,2025-06-12
259,Ekalinga Acharya,Deepa,53,Male,6,cc695dda7fa2e6fc,arrested,2026-04-22
260,Wahab Kurian,Kabir,41,Male,16,a4252052546c7318,arrested,2024-07-14
261,Rajeshri Char,,37,Female,11,7cf6a949ce6c134c,absconding,2026-03-09
262,Xiti Hayre,Jeremiah,36,Female,28,eec8b41826030f7c,absconding,2024-07-02
263,Yasti Dayal,Luke,43,Female,8,5591df7b7cae0590,acquitted,2024-03-03
264,Chakrika Chandran,,52,Female,23,e4f79772d9513555,acquitted,2024-07-28
265,Lohit Cheema,,49,Male,17,055d9c45fbefe948,acquitted,2024-12-30
266,Isaiah Krishna,,21,Male,15,4bfd2dcd85f169f4,acquitted,2024-03-13
267,Nidhi Narasimhan,,34,Female,16,a80b2b4a17334b4e,acquitted,2023-11-11
268,Yoshita Varughese,Amara,46,Female,22,d2d400b7f9629841,on_bail,2025-01-31
269,Nihal Sami,Kavya,42,Male,26,f3fdbe386e8e039d,acquitted,2025-06-25
270,Anika Rajan,,30,Female,20,83576b3abce98eb2,absconding,2024-03-06
271,Hardik Gopal,Akshay,36,Male,28,0ca845c7e5f1a8f3,arrested,2024-06-12
272,Anika Khanna,,57,Female,26,5f9a63ab95bc63cd,convicted,2024-09-21
273,Sneha Naidu,,32,Female,6,4e58587e142a2581,acquitted,2024-01-28
274,Warda Sule,,20,Female,17,385c8f6673f2b1fa,absconding,2025-03-09
275,Ijaya Ravi,,58,Female,5,44616668d7cc0fb3,arrested,2025-11-24
276,Jalsa Setty,Adya,21,Female,27,e90f2da6e197770d,arrested,2025-10-01
277,Dhriti Mammen,Yoshita,52,Female,9,c18a1f3fd459e614,acquitted,2024-06-21
278,Om Grewal,,52,Male,30,33e791d3cd9336c7,absconding,2023-11-04
279,Panini Sura,Tanmayi,43,Female,28,4de530a826bbd7da,absconding,2025-08-07
280,Onveer Venkataraman,,29,Male,11,e9cedce03878f3b0,convicted,2025-12-19
281,Azad Pau,,54,Male,30,a63540d3d93772a7,on_bail,2025-10-20
282,Amara Date,,25,Female,11,9d215716b2f4963c,absconding,2024-05-04
283,Jhalak Shankar,,46,Female,9,a4c0740f80694a01,arrested,2025-02-20
284,Darpan Merchant,Jonathan,20,Male,4,c432795cf1b8298f,convicted,2025-04-04
285,Nikita Sethi,,35,Female,15,67f771b19bca0c99,acquitted,2024-07-21
286,Benjamin Thaman,,54,Male,25,9f5d8805b3e32fb5,convicted,2025-10-08
287,Rushil Vaidya,,38,Male,6,edad0911eb821a8a,arrested,2025-01-17
288,Ekta Kapadia,,21,Female,7,efb87e975a02d89a,acquitted,2024-03-20
289,Hardik Pandya,,43,Male,19,a10c610bcedbbfe3,acquitted,2024-01-26
290,Arjun Walia,,51,Male,18,685542d56be13558,absconding,2023-12-22
291,Jyoti Wali,Ojas,21,Female,3,60f9fc51093ffce9,on_bail,2023-09-23
292,Gauri Chaudhry,,55,Female,26,c6fe7b0fb292c039,on_bail,2025-12-28
293,Jeevika Doshi,Panini,23,Female,14,e9ca23fb2ebce2b5,acquitted,2023-09-29
294,Liam Bawa,,31,Male,9,94e9c737bfac3f36,convicted,2024-06-04
295,Manbir Ramakrishnan,,46,Male,11,a2b8edd9fa543470,arrested,2026-05-14
296,Wazir Sidhu,Ekanta,51,Male,5,0bf907e6a45f4088,acquitted,2024-10-22
297,Mason Acharya,Falan,55,Male,27,81efb445077dcea8,convicted,2024-10-16
298,Nimrat Joshi,,53,Female,25,bd844f239bd0fe40,convicted,2025-01-13
299,Ayushman Roy,Logan,38,Male,17,9a99d857438ccd2e,arrested,2023-11-13
300,Warda Dyal,Xavier,35,Female,4,d0cfc4594f6ea76b,on_bail,2025-09-03
301,Fariq Saini,,26,Male,25,0f724ee55af6355a,acquitted,2024-10-05
302,Gunbir Kothari,Inaya,24,Male,7,2b3e6efee431e55a,absconding,2023-11-11
303,Isaiah Majumdar,Logan,48,Male,16,3522bb9261a9ec80,on_bail,2024-01-30
304,David Doshi,,29,Male,31,1b0a89925dbb5707,on_bail,2024-01-24
305,Vamakshi Dhar,,19,Female,28,c95d4c3492316a53,acquitted,2024-12-04
306,Nihal Apte,,50,Male,27,203484a7c7304f39,absconding,2023-09-22
307,Nachiket Viswanathan,,35,Male,11,f060fb9523e07bd3,arrested,2026-04-15
308,Vrishti Kata,,52,Female,24,81e451b9229ff9ae,acquitted,2024-07-27
309,Manthan Dash,Suhani,39,Male,12,04a15d4f86640959,on_bail,2025-05-27
310,Balendra Om,Anita,53,Male,12,530ea1283eaf7c5c,arrested,2023-10-12
311,Sai Kumer,Isaiah,56,Female,30,4a8905a74fd09870,acquitted,2024-02-07
312,Unni Ganguly,,53,Female,4,532ca5bed3097753,absconding,2024-09-13
313,Mugdha Kar,,53,Female,23,78f8832fb8f98626,on_bail,2025-03-15
314,Chanchal Patil,,27,Female,2,712f8089e8cd54cd,arrested,2025-11-02
315,Yug Sankaran,Oviya,43,Male,20,278af1053d3692f8,on_bail,2025-11-27
316,Damini Mammen,,44,Female,19,f8b0b03a42d3e3e1,on_bail,2025-01-28
317,Jeremiah Trivedi,Falguni,49,Male,23,91dbfded5de767a8,on_bail,2025-12-24
318,Ladli Parikh,,52,Female,15,c1fe6aaaae711b4a,acquitted,2023-11-08
319,Abha Chaudhuri,Vedika,44,Female,3,f314fdcbf20f90ef,convicted,2024-02-23
320,Yug Kant,Radha,35,Male,1,0b276e601db46dd2,on_bail,2026-04-19
321,Charles Sura,,60,Male,4,50b44dbdc71dd0dc,absconding,2024-02-06
322,Rayaan Basak,,58,Male,3,f91000dfbbe893b0,on_bail,2024-05-25
323,Chandran Chandran,Jacob,24,Male,19,c14e8af87a72869f,absconding,2024-06-07
324,Radha Sama,,43,Female,26,083f35291de970ff,arrested,2024-04-18
325,Anmol Palan,,43,Male,18,75673736e19e50b6,acquitted,2024-07-20
326,Victor Virk,,29,Male,14,8c719eca5a9935b5,absconding,2025-04-25
327,Sudiksha Sankaran,,19,Female,4,acf472c9beba77ac,arrested,2026-03-28
328,Janaki Golla,,37,Female,22,5c14a0beec83edb7,absconding,2024-02-11
329,Nitesh Chaudhary,Brinda,26,Male,18,2c1dfbfa3c42dd46,on_bail,2025-08-25
330,Akshay Shan,,40,Male,10,e0f0175dc27a69f7,on_bail,2026-05-11
331,Rachita Padmanabhan,Indira,51,Female,4,4b2a444aaf59a12b,convicted,2025-07-27
332,Lakshit Sehgal,Champak,43,Male,28,7921188d9d82248f,absconding,2024-05-21
333,Vasudha Lall,,35,Female,13,2f80ba5f0bad7279,convicted,2023-10-29
334,Henry Nagy,Nandini,31,Male,24,bfbb4b7e5d0ff0fb,absconding,2024-11-24
335,Harini Tata,,21,Female,22,fb413d1e8600f83a,on_bail,2025-08-15
336,Osha Pandey,,31,Female,4,d56507070960f45b,convicted,2025-07-31
337,Nitara Mohan,Harrison,48,Female,17,96d6233cc6d42fa9,absconding,2024-10-02
338,Samaksh Munshi,Widisha,48,Male,26,1b78bbc985a0ed1d,arrested,2025-07-31
339,Rayaan Jain,Alka,22,Male,17,e3c35a70ac98f1d8,on_bail,2025-12-18
340,Parth Nazareth,,19,Male,20,3a43d883dec494c2,convicted,2024-07-13
341,Pratyush Dutta,Om,45,Male,8,6ebb9f582aeac485,convicted,2024-01-25
342,Adweta Choudhury,,55,Female,19,1f4efbde90673773,absconding,2024-12-25
343,Mohammed Toor,,32,Male,12,92344976099fe1a5,acquitted,2025-07-21
344,Gaurav Rao,,32,Male,13,ea4185b126acb871,on_bail,2025-12-20
345,Ira Chander,,44,Female,17,6a5528a02afe63cd,on_bail,2024-07-03
346,Samaksh Lall,,26,Male,31,afb17571af69f786,on_bail,2024-06-03
347,Panini Walia,Irya,24,Female,6,3b520e725f60eb55,convicted,2024-05-04
348,Ekani Rajan,,19,Female,26,69ca4dc6630b79d6,on_bail,2023-12-27
349,Nandini Butala,Ekiya,34,Female,20,fbf3bcb29327eb46,absconding,2025-08-16
350,Timothy Baria,Yatan,41,Male,29,18b8bcbdd056d5fd,convicted,2025-07-04
351,Mahika Bal,Warda,31,Female,27,e1c94060f45235e6,acquitted,2025-01-08
352,Imaran Korpal,Upkaar,20,Male,17,d7483ff8afbff845,absconding,2025-12-24
353,Hritik Dhillon,,33,Male,14,33ef4818bee6eeb6,on_bail,2023-10-02
354,Neelima Kohli,,55,Female,11,2deb4e99ba30b761,acquitted,2024-05-16
355,Warhi Sarna,Oeshi,56,Female,2,7c3edf172f67b304,convicted,2025-06-26
356,Triveni Grewal,,44,Female,4,0a5fdfa71de103eb,on_bail,2025-04-23
357,Sara Lal,,43,Female,27,4dd5e3b9c4a14937,convicted,2024-02-12
358,Lekha Sankar,Kamala,23,Female,9,2757d50ce46ba6ee,arrested,2025-07-10
359,Jacob Nagarajan,,55,Male,7,3676dfd4048d4573,on_bail,2023-10-27
360,Balvan Desai,,37,Male,8,13ab4d70ac369200,arrested,2025-12-01
361,Jatin Yohannan,,34,Male,18,cdc6922d3a5b51c1,on_bail,2025-10-23
362,Chanakya Tripathi,Vamakshi,36,Male,30,2ad2eba12f8e682d,on_bail,2024-06-07
363,Charles Kari,,43,Male,26,cecef2ca7f6353d9,absconding,2026-05-02
364,Isaac Shroff,,50,Male,25,15ef600af7040f2b,arrested,2025-06-27
365,Avi Sharma,Raksha,39,Male,29,31be734900a5e21b,acquitted,2026-02-02
366,Tejas Bhattacharyya,,22,Male,2,d896cbf1305dc6b8,on_bail,2025-04-01
367,Advay Sen,,60,Male,18,dac806fdef58c93f,absconding,2024-11-12
368,Oscar Sood,,40,Male,10,3795bc2133acf365,arrested,2024-08-19
369,Bhavika Pandya,,20,Female,30,506b70e00210753e,absconding,2025-06-21
370,Manya Krishnan,Ayaan,31,Female,16,4cbc8998f3804cf3,on_bail,2026-02-11
371,Tanveer Deol,,49,Male,30,5b6aade315591ae9,on_bail,2026-04-09
372,Janaki Seth,,31,Female,25,9c2e6bb182ee7f4d,on_bail,2025-08-10
373,Nidra Narayanan,,45,Female,29,100ff7c563aca3ea,on_bail,2026-04-07
374,Samar Dhawan,Divya,56,Male,4,1139edf9d6391b1d,on_bail,2025-11-17
375,Avi Parmar,Jagdish,20,Male,5,fe5da7a127ddc50e,acquitted,2025-06-09
376,Bhavika Wagle,,30,Female,14,d4c6e0eab0cefce6,absconding,2025-12-18
377,Faris Hayer,,54,Male,16,46316637ff842654,on_bail,2024-10-04
378,Hemal Golla,,29,Female,14,b1d0dcb24b2a538b,on_bail,2026-03-05
379,Yachana Dar,,43,Female,30,0178260c8615aab8,on_bail,2025-06-19
380,Chaitanya Chandra,,20,Male,8,1ad92643ff029f64,absconding,2024-11-03
381,Rishi Reddy,,48,Male,16,5a157028a09d968e,absconding,2025-10-18
382,Warjas Devi,,60,Male,23,632f88906a1fed93,arrested,2025-12-12
383,Hemani Char,,30,Female,30,3476b7ea894c9a90,convicted,2026-03-04
384,Raagini Goel,,57,Female,17,5fb81b0695a4b50e,absconding,2025-01-19
385,Jonathan Tata,Gautam,59,Male,9,17af2c38a070f24c,convicted,2025-06-03
386,Kalpit Ratti,,52,Male,21,a9251f27234cc42a,absconding,2023-12-02
387,Ishaan Panchal,,36,Male,29,a1b97cb206f2a862,convicted,2024-10-26
388,Pallavi Seth,Girindra,42,Female,23,e3c9d70afb5e7d0e,absconding,2026-01-14
389,Aishani Bhat,,18,Female,12,830017c757d600e2,arrested,2026-01-10
390,Ridhi Chandran,,34,Female,14,1ca9cd62e693f60d,on_bail,2026-04-03
391,Aadi Wadhwa,,58,Male,7,b19436d32050a412,acquitted,2024-09-09
392,Aahana Narain,Leena,32,Female,7,55b1534c1988a815,absconding,2025-10-24
393,Akshay Prasad,,30,Male,15,c5c57bdaa1045404,absconding,2024-05-06
394,Gabriel Gulati,,34,Male,16,003cb1da78435699,convicted,2025-04-22
395,Hemani Wason,,56,Female,4,6a519ec1cddddb31,absconding,2025-10-21
396,Pooja Chatterjee,Mohammed,23,Female,28,cb963df7f453413c,on_bail,2025-09-25
397,Hema Sastry,Peter,34,Female,13,d4983d46c165aa6a,absconding,2024-03-25
398,Vamakshi Balasubramanian,,36,Female,27,cbb292ce7f373e4e,convicted,2024-04-30
399,Darpan Muni,Bishakha,18,Male,26,ece920f799bd9101,on_bail,2024-05-10
400,Priya Gole,,36,Female,29,b44aa57336b9332e,on_bail,2023-10-02
401,Daksha Tank,,57,Female,26,b4ba898602314e9b,arrested,2025-03-06
402,Faras Nazareth,,36,Male,18,a74d9a393ccd1145,acquitted,2026-01-24
403,Robert Sem,Jackson,30,Male,1,0d96d9b18d7a6032,on_bail,2025-09-16
404,Omkaar Koshy,Jasmit,33,Male,1,a988150e6ee92245,convicted,2023-10-28
405,Kashvi Swaminathan,,46,Female,25,7f2378dc66e4bd89,on_bail,2026-01-22
406,Saksham Barman,Ishita,46,Male,19,d803524a63006d6e,on_bail,2025-04-15
407,Wakeeta Chaudhary,,39,Female,29,60dceae9850f6579,on_bail,2025-08-21
408,Naveen Vyas,,53,Male,23,626115ebb7014df7,convicted,2026-02-14
409,Harish Mandal,,39,Male,4,bb4b8e1356fa6431,acquitted,2025-01-02
410,Ekansh Sem,Rudra,18,Male,27,2fb7d7a33bcd81a0,convicted,2024-02-04
411,Tanay Raval,,56,Male,14,a3fe473dacb45546,absconding,2025-01-08
412,Ranbir Butala,,51,Male,9,8f9119b886a6d225,on_bail,2025-04-15
413,Advik Swamy,,43,Male,22,e175f1cda4a7b716,convicted,2025-10-29
414,Naveen Sule,Lopa,31,Male,8,97b7f57cbb8c18d1,acquitted,2024-04-17
415,Yadavi Mani,Christopher,51,Female,28,17ca82606795e5d6,convicted,2025-09-05
416,Girindra Chakraborty,,47,Male,31,b08ca8525bff6df2,on_bail,2025-07-04
417,Harini Murthy,,60,Female,18,e5c4083ca02d7400,absconding,2025-11-11
418,Akshay Batta,,40,Male,17,08e8120ecbe52187,acquitted,2024-01-22
419,Reyansh Guha,Indira,32,Male,27,2bb5e94486dbaf35,acquitted,2025-08-23
420,Teerth Trivedi,Pranav,28,Male,22,be06be15cbe695d6,acquitted,2024-01-20
421,Anthony Kala,Hardik,52,Male,21,b18a5480c40417a5,acquitted,2026-01-12
422,Idika Kant,Ekaja,41,Female,20,3195576b4e00afb7,acquitted,2024-03-29
423,Ishani Tandon,,21,Female,24,3d41d8b2102735b9,arrested,2024-10-24
424,Advika Bath,,47,Female,2,b7489d22b0f8bc34,convicted,2023-10-22
425,Harshil Dada,,52,Male,14,5c601819d833db5d,absconding,2025-10-17
426,Aarnav Khosla,,51,Male,17,81d4ddefcd82f697,arrested,2024-08-21
427,Gaurang Ramakrishnan,,36,Male,2,df9488042a252735,arrested,2025-09-20
428,Ria Ratti,Chaitanya,43,Female,20,9c55cc8fd7e6fe17,acquitted,2024-12-02
429,Ekta Koshy,,55,Female,9,c47d011e69c62c28,arrested,2024-09-18
430,Siddharth Mukherjee,Samarth,57,Male,29,583b1d7d7e5c43c7,convicted,2026-04-18
431,Tara Anne,Ojasvi,45,Female,31,64b9e63fd1db9948,arrested,2024-11-06
432,Ranbir Mall,,25,Male,26,70eface090b7f36a,acquitted,2025-12-26
433,Widisha Kulkarni,,50,Female,26,9d276d5f8751f5b3,convicted,2025-08-03
434,Siya Barman,Saumya,41,Female,29,531b39c4e5c9c068,convicted,2024-05-12
435,Isaac Bobal,Ishwar,60,Male,30,8693cb7cf10794c0,absconding,2024-07-20
436,Gauri Suresh,,42,Female,29,50e602e16c177aa3,on_bail,2024-09-26
437,Gavin Yadav,,56,Male,2,03ff825966f150ea,on_bail,2023-10-10
438,Fiyaz Kunda,Mitali,29,Male,19,d4793ac591c08458,acquitted,2024-07-28
439,Mekhala Mane,,36,Female,6,cf34734a07f13732,acquitted,2024-01-12
440,Chatura Dar,,25,Male,22,2a70307c83ee7a4a,acquitted,2024-04-25
441,Isha Chadha,Widisha,58,Female,27,bf7fd22ac5bdd4ec,absconding,2024-08-15
442,Eesha Vasa,,32,Female,10,c799c5fa4b054da6,convicted,2025-07-15
443,Vrinda Srinivas,Ikbal,48,Female,1,902e0ab70970ac16,arrested,2024-09-30
444,Ishwar Barad,,50,Male,1,ef7c4116dca758e5,on_bail,2023-12-14
445,Hiral Chacko,,25,Female,7,7041795490be4448,on_bail,2025-02-12
446,Jai Sarin,,30,Male,29,a19dd2432459486d,absconding,2024-06-14
447,Urvashi Dhar,,59,Female,20,a44d611b5da995e6,arrested,2025-05-19
448,Ansh Thakur,Ranbir,51,Male,6,13da0727cdf8cd5f,on_bail,2024-06-10
449,Nitara Bassi,Akshay,28,Female,21,f1d8c8e80f93aa17,convicted,2026-01-15
450,Onkar Krishna,,38,Male,20,6521466b717288d6,acquitted,2023-10-01
451,Parth Shere,Sai,52,Male,27,a668085376ed194f,acquitted,2024-10-14
452,Shivani Rai,,24,Female,16,39233f0b4e6d0b81,convicted,2023-11-03
453,Mugdha Tiwari,Devansh,58,Female,27,c9f479ce1dd451e1,on_bail,2024-02-05
454,Hiral Hayer,Gautami,45,Female,25,8cfde753aee3ff3d,arrested,2025-04-10
455,Amaira Sastry,,50,Female,31,fdccd34dec959aee,arrested,2024-03-04
456,Krisha Wadhwa,,47,Female,9,0defd33bf81dd325,absconding,2024-05-19
457,Faris Dhar,,47,Male,17,3e22259691707f07,absconding,2024-07-13
458,Ayush Choudhury,,42,Male,4,ee56f9c2978ca854,acquitted,2025-11-07
459,Samarth Vasa,Anay,26,Male,5,d1ae3fba58eddefd,absconding,2023-10-08
460,Naveen Prabhakar,Balvan,41,Male,21,9a98a225d6a68834,acquitted,2026-01-13
461,Charles Kaur,Abeer,57,Male,7,bda1264b647b66af,convicted,2024-08-19
462,Aadhya Bhardwaj,,45,Female,19,380eb851cfaeb6b0,arrested,2024-05-26
463,Dipta Kapur,,34,Female,4,b0f0e47545599dc3,absconding,2025-05-06
464,Bina Bahri,,47,Female,13,7371829b63e83908,arrested,2025-09-19
465,Sanya Mandal,,54,Female,16,238d5349c5268950,acquitted,2024-12-06
466,Varenya Khanna,Vritti,40,Female,15,aa42b9161a0f5013,arrested,2023-12-28
467,Orinder Sha,Varenya,57,Male,22,d2f15109aa200b84,convicted,2025-01-06
468,Utkarsh Yadav,,58,Male,5,b0cc2ea20f10e21b,acquitted,2024-02-23
469,Jasmit Dhawan,,38,Female,10,df364ed02815671c,on_bail,2024-01-04
470,Harita Rama,,20,Female,13,05b4a9fa2d9a96db,on_bail,2025-07-18
471,Gaurika Pillai,Ansh,54,Female,27,0edb3df0f54a44c5,absconding,2025-11-06
472,Netra Dhawan,,33,Female,29,7361170b99d5abfd,on_bail,2024-06-22
473,Victor Roy,,58,Male,2,a7192106610830d3,convicted,2024-04-11
474,Sai Dass,,21,Male,5,a6f055d4d4079d53,absconding,2024-08-12
475,Hemang Ravi,,56,Male,23,d8e074b436ed7890,on_bail,2025-05-16
476,Turvi Sharma,Sneha,30,Female,31,a0dbc48f15a10cb7,arrested,2024-09-13
477,Sara Sheth,Januja,25,Female,19,0f4ab54e8d4dbac1,convicted,2023-12-23
478,Omaja Rastogi,,40,Female,10,5f6674c4744be36c,convicted,2024-08-03
479,Zilmil Jha,,53,Female,25,e0c3ebdfc3ba973b,convicted,2025-10-17
480,Janani Halder,,49,Female,11,b1219d461d762e41,absconding,2025-09-15
481,Qabil Sheth,,43,Male,19,edd7d9874111d8cd,arrested,2023-12-18
482,Ridhi Mohanty,Tanay,21,Female,21,77d8df277a37f351,arrested,2025-04-15
483,Ekta Singhal,Ikbal,47,Female,25,ecd334aff5c0b1af,on_bail,2023-10-01
484,Netra Sachar,Charan,19,Female,8,c071af84deb9b93e,on_bail,2025-09-26
485,Ikbal Nazareth,,53,Male,31,a1c85620abbe5e2f,convicted,2025-06-10
486,Sanaya Varughese,,50,Female,16,386d130f9e6c4e0f,acquitted,2024-07-30
487,Hemangini Savant,,25,Female,28,d232506ee45fdb92,convicted,2025-12-06
488,Ishanvi Raju,,44,Female,15,48e8f4f6e422e023,absconding,2026-05-05
489,Laban Dugal,Neelima,23,Male,8,c286e9b9318fb12d,absconding,2024-03-26
490,Forum Sabharwal,Edhitha,53,Female,24,cbb2ee09f7581132,arrested,2024-02-12
491,Krisha De,,33,Female,1,be01df10cbd83436,on_bail,2026-02-14
492,Nisha Wali,,55,Female,30,48b1388b2e7ff4b9,on_bail,2024-06-27
493,Chasmum Bhattacharyya,,18,Female,28,0425107bddbf47f2,absconding,2024-09-04
494,Aishani Anand,,35,Female,30,37a756729493fb59,on_bail,2026-03-25
495,Oni Chana,Dhriti,22,Female,24,08d3e6f0a2c8bce5,arrested,2024-06-18
496,Isha Dora,,36,Female,24,864575d5db7bea21,convicted,2026-01-27
497,Mitesh Bhatti,,39,Male,11,e3d6d0c5307b45f9,on_bail,2025-11-10
498,Nisha Sekhon,Vaishnavi,26,Female,13,d95d82517792c9c1,convicted,2024-10-19
499,Gagan Mann,,41,Male,10,a35ab8a3c2ff194d,acquitted,2026-03-11
500,Chandresh Dutta,,19,Male,21,2aa8d998ea554682,acquitted,2024-07-17
501,Finn Sagar,,30,Male,17,2bbec72d1a71e8a7,absconding,2026-02-28
502,Zinal Rout,Nathan,38,Female,27,33209ba78a6860b8,absconding,2025-05-20
503,Logan Krish,,31,Male,1,d9a0d1b6018c62cd,on_bail,2025-06-14
504,Ethan Saxena,Gunbir,53,Male,14,826eb1817f3bae6c,acquitted,2025-03-09
505,Ekansh Raj,Urvashi,48,Male,1,5624a51af27bc9b9,absconding,2023-11-02
506,William Garde,,42,Male,14,bd569a528b165b84,convicted,2024-02-08
507,Radhika Sastry,,53,Female,1,ed9dbf3bd5071990,absconding,2025-04-17
508,Udarsh Bahri,,39,Male,16,1ab36bd14473152e,absconding,2024-05-17
509,Pooja Nori,,40,Female,13,392c8ffa5b7fceed,absconding,2026-02-14
510,Qasim Biswas,,35,Male,11,db770f1654f063af,absconding,2024-01-19
511,Ekansh Mital,Meera,35,Male,27,85672059dbf01503,absconding,2025-02-04
512,Christopher Hegde,,51,Male,31,fdf7d49c363d1738,acquitted,2023-11-18
513,Madhav Chacko,,24,Male,12,bcc62e3788260c25,convicted,2025-11-02
514,Yug Babu,Omisha,45,Male,20,219bae8674d0e401,absconding,2025-05-21
515,Rajata Krishnan,,36,Female,8,807e2daac19e4b6a,absconding,2026-03-08
516,Logan Venkatesh,Arjun,23,Male,24,e6ac5b3b6854a294,on_bail,2023-11-28
517,Nathaniel Ganesan,,53,Male,5,37db8c171c8010d2,acquitted,2025-12-30
518,Kashvi Mohan,,32,Female,1,d97684044e7e4334,on_bail,2023-09-20
519,Udarsh Sant,,52,Male,24,0a67809becdff029,arrested,2023-12-28
520,Anusha Mahajan,Tara,52,Female,10,6fceacff936f089d,on_bail,2025-03-24
521,Ojas Balay,Kalpit,44,Male,13,b8298d18d8682073,acquitted,2025-08-14
522,Adya Mittal,Lajita,50,Female,13,9e480538ca3606d1,on_bail,2025-02-20
523,Wahab Rai,Lipika,31,Male,7,4356db534d644119,absconding,2024-08-19
524,Lopa Prashad,,60,Female,13,31aed8bad15c4a05,acquitted,2025-03-02
525,Rajeshri Vala,,29,Female,12,76c28ecd637d29b5,arrested,2024-09-14
526,Tanvi Oommen,Kevin,59,Female,7,8f74bde1c56a7286,acquitted,2025-08-27
527,Kalpit Hans,,59,Male,13,162ba90febad1f76,acquitted,2025-07-03
528,Megha Loke,,50,Female,17,3faecbbfd4d110b2,on_bail,2025-09-01
529,Umang Chad,Eiravati,28,Male,31,68d9e6f2a3c26436,arrested,2026-03-17
530,Alka Dave,Hredhaan,48,Female,12,e76b8cc0ae809e6c,absconding,2023-11-28
531,Bishakha Goel,Kashvi,39,Female,14,a4542ef6b3f808f2,absconding,2024-07-15
532,Faraj Khalsa,,18,Male,4,c04fc2c57db5208e,absconding,2026-02-26
533,Baljiwan Andra,,57,Male,5,4011cfcab990f4ca,absconding,2026-04-13
534,Onkar Bobal,Nachiket,52,Male,30,c3ac492eb914220d,acquitted,2024-11-09
535,Noah Cherian,Jairaj,32,Male,5,d643dbdde00dfab0,convicted,2024-11-21
536,Ekaraj Iyengar,,20,Male,7,14402879f4f38c1d,on_bail,2025-01-30
537,Girik Chand,,59,Male,30,49eae723823adcaa,on_bail,2025-08-05
538,Aadhya Sant,,32,Female,17,e2398afc307a669c,arrested,2025-05-23
539,Jagrati Bedi,,23,Female,8,28c1aabcad58d085,absconding,2024-10-16
540,Sara Nagi,,23,Female,4,e547565b0127cab7,absconding,2024-10-11
541,Vyanjana Hora,,26,Female,19,6ab9f5285d43d964,convicted,2025-05-18
542,Girik Singh,,39,Male,10,a4f81de7e3defaef,on_bail,2026-02-14
543,Bhavani Savant,Qasim,29,Female,30,df01e546a3ca8810,absconding,2023-12-27
544,Balveer Goda,,50,Male,23,8a324e9e728242d0,acquitted,2024-04-09
545,Lekha Dhawan,Ranbir,37,Female,30,e8252fc51387d88a,absconding,2025-07-04
546,Baljiwan Guha,,46,Male,23,1b0d0628f4e4fb0a,arrested,2025-12-03
547,Naveen Kari,,38,Male,23,f88d719ddd2776f6,convicted,2024-02-28
548,Rudra Minhas,,35,Male,20,bf0e9b89ca0e1124,acquitted,2025-09-20
549,Yashica Mangal,,53,Female,29,dacefde092ec6c08,absconding,2024-05-06
550,Tanay Krishna,Hemani,49,Male,30,a0f6b4489afca320,arrested,2025-12-20
551,Zilmil Amble,,22,Female,14,20025ccbe048c3e8,acquitted,2024-06-23
552,Lohit Edwin,,48,Male,10,3253801323e190d0,convicted,2025-09-05
553,Azaan Bhatnagar,,28,Male,17,68f0ba918ed0d18e,on_bail,2024-06-08
554,Orinder Bhasin,Qushi,60,Male,22,c20ba5a948b387ec,on_bail,2023-12-19
555,Udant Arora,,52,Male,5,9f322160e3942148,on_bail,2026-01-18
556,Odika Pathak,Dominic,58,Female,22,03bc5135faaf262d,on_bail,2024-10-04
557,Odika Seshadri,,19,Female,13,1ca029ee00b4179a,convicted,2025-08-17
558,Wakeeta Prabhakar,Xalak,48,Female,28,5ef9098d6aa84b61,arrested,2025-09-25
559,Wishi Munshi,Ranveer,51,Female,17,22707516b9f02d58,acquitted,2026-02-21
560,Frederick Basak,,50,Male,24,bcc72fb01f27b8fa,arrested,2026-02-06
561,Samarth Shroff,,20,Male,30,e1ae08d41b744ec8,on_bail,2024-07-02
562,Omaja Rau,Ubika,52,Female,4,91ea91e2384571d2,convicted,2024-03-18
563,Upkaar Dua,,41,Male,5,0e82e390be29ad7c,arrested,2024-06-06
564,Sanya Saini,Aryan,44,Female,21,87f84ca2b35cb24d,acquitted,2024-05-12
565,Nitara Raj,,33,Female,30,0e4f2d765fd51f1f,arrested,2024-01-06
566,Sudiksha Pau,Akshay,55,Female,9,6c33f90bf3475cd2,convicted,2025-04-19
567,Gabriel Dora,Qarin,49,Male,9,2e7a5d6d779e38f7,absconding,2025-11-16
568,Charvi Babu,,49,Female,19,4ab38806b703ee73,arrested,2025-10-13
569,Warinder Doctor,,25,Male,8,aa4f22581c91cc8e,arrested,2026-01-17
570,Pahal Hora,Anthony,45,Female,10,2393293b903aa92f,arrested,2024-09-05
571,Shivani Dutt,Chavvi,42,Female,5,384c685c7678ec28,acquitted,2024-08-08
572,Ishaan Gupta,,34,Male,1,5fcd3e9c98f2e27f,arrested,2024-11-25
573,Zaid Sant,Radhika,34,Male,4,36c2fa61b0797b4f,arrested,2025-04-04
574,Widisha Bhasin,Ira,36,Female,17,c1eb14dc5e726680,on_bail,2025-04-07
575,Bahadurjit Naik,Vansha,58,Male,19,722b52fec599fafe,convicted,2024-12-13
576,Ekta Keer,Zilmil,56,Female,16,2a07ababb21504a8,acquitted,2024-03-04
577,Hritik Saha,Vritti,22,Male,28,5c2f37590d09fe62,acquitted,2026-02-26
578,Mitesh Dutt,,20,Male,30,51cb204ad4aa0999,on_bail,2025-07-15
579,Nachiket Sanghvi,,56,Male,17,475ad1d6d5c98286,on_bail,2025-10-12
580,Eiravati Wagle,Baghyawati,52,Female,29,4b6da235efcf1cd3,on_bail,2025-03-15
581,Ridhi Dave,Kala,18,Female,26,695217c945b54d71,on_bail,2025-06-30
582,Bhavika Badami,,19,Female,21,8a0f1d4be214a5ca,on_bail,2024-06-13
583,Reva Sahni,Yatin,24,Female,18,0a57f8c23f4ecbf5,convicted,2023-10-04
584,Nihal Kaur,,60,Male,26,8efb8721d1cb9201,convicted,2024-03-20
585,Vyanjana Mand,Harini,49,Female,24,c91d07d5ee8fdc30,absconding,2026-03-22
586,Gunbir Datta,,46,Male,5,3f064533ad49990b,acquitted,2026-04-29
587,Jyoti Khalsa,Zaid,46,Female,27,7309855f29f89b35,on_bail,2024-02-19
588,Wahab Bahl,,20,Male,21,e77c83d50b6bfc10,convicted,2024-02-13
589,Yashodhara Chandran,,50,Female,17,894df98778927e9e,absconding,2024-06-04
590,Falak Nagy,,18,Female,25,f8c53b6ce0767605,arrested,2024-05-04
591,Yatan Shere,Amaira,21,Male,23,b4bff1cab504b356,acquitted,2023-11-26
592,Umang Ramachandran,,27,Male,6,71197a7f5c843752,on_bail,2025-12-13
593,Lakshit Dhar,,33,Male,12,696d90da4ff515a6,absconding,2024-04-02
594,Bhanumati Som,Yatin,27,Female,11,ae1cc92e08287216,arrested,2025-04-22
595,Aadhya Narang,Ishani,43,Female,1,599a30ce60a82f4d,convicted,2025-09-26
596,Eta Mahajan,Ekaja,51,Female,12,40dd66985ed5b97d,convicted,2026-03-13
597,Naksh Yadav,Ryan,20,Male,1,ac421ae36f93ec28,absconding,2024-11-20
598,Dipta Merchant,Darsh,38,Female,5,18f23bffa4b34f0f,on_bail,2024-10-03
599,Zayyan Mandal,Yuvraj,42,Male,31,918bd32369d83c22,on_bail,2026-03-07
600,Udyati Apte,Chanchal,55,Female,11,2cbb3ccb434b7d5e,arrested,2026-01-22
601,Harsh Dhawan,,56,Male,29,29868a4b1031c12a,on_bail,2025-12-21
602,Amaira Balakrishnan,,25,Female,20,96dd45ed6b0e7f4f,acquitted,2025-03-12
603,Chaaya Pillay,,55,Female,1,70c02df8dbcb6dc0,convicted,2024-12-14
604,Ethan Sekhon,Lavanya,48,Male,11,9f2899de2a47cd9a,arrested,2023-11-24
605,Tristan Murthy,Hritik,45,Male,10,6e7a867f91901961,on_bail,2024-11-07
606,Vasatika Majumdar,Rudra,47,Female,14,882bd1721ead032f,absconding,2025-09-05
607,Lucky Gaba,,38,Male,11,aef3142585165773,acquitted,2026-02-11
608,Ojasvi Badal,,53,Female,6,6aa59debfd96d162,absconding,2025-09-24
609,Atharv Narain,Vansha,37,Male,5,4ba0737d1615b8bd,arrested,2023-11-22
610,Ekta Murty,Keya,41,Female,6,976b6e1d1a8ab82f,convicted,2024-10-12
611,Teerth Naik,Meghana,33,Male,21,f523e3cadc901664,acquitted,2023-12-14
612,Nihal Banerjee,,53,Male,10,772c558e6e12a5c1,absconding,2023-09-30
613,Ojasvi Baral,Yasti,28,Female,29,4d01fc7f45446606,on_bail,2026-05-12
614,Ekaja Taneja,Devansh,42,Female,23,1520d992b997186f,absconding,2026-04-17
615,Ekaraj Doshi,,22,Male,15,64f768eb382f4cb9,acquitted,2025-05-25
616,Finn Keer,George,23,Male,10,feb0f2a76cdcbc3e,acquitted,2024-08-26
617,Pranav Nigam,Finn,54,Male,10,d2dd63063efaad7a,acquitted,2025-02-28
618,Pavani Boase,,45,Female,22,62cc532d9a143112,convicted,2024-03-14
619,Sai Bhatia,,19,Male,22,76630d2ecfc8eb98,absconding,2024-10-26
620,Rudra Dubey,,53,Male,16,f147f87f222eee2e,on_bail,2023-12-02
621,Hemang Sen,Nathan,47,Male,3,297bdd4c0da98760,on_bail,2024-04-05
622,Kalpit Karan,,22,Male,31,48306bbd7e713935,arrested,2025-06-02
623,Ayaan Bajwa,,60,Male,21,f0e445d4860d0563,convicted,2023-12-01
624,Isaiah Srinivas,Brijesh,51,Male,25,b75671a76a41b876,acquitted,2024-06-22
625,Imaran Kaul,,22,Male,11,88b1a954e0b91a64,on_bail,2024-02-01
626,Ekapad Tella,,23,Male,24,4b8dbf22e3f6d944,acquitted,2025-09-12
627,Neel Ram,,31,Male,30,88e000b4d681f5c4,absconding,2026-03-30
628,Adya Uppal,,33,Female,20,aa9ee3b0f18f8934,arrested,2024-01-30
629,Xiti Bajwa,Oeshi,40,Female,21,c89f72166382c1f5,convicted,2025-09-25
630,Anusha Iyengar,Balendra,47,Female,18,0ff89c1c7ef2ac6d,on_bail,2025-02-23
631,Jyoti Swamy,Abhimanyu,19,Female,22,91e4009088d589ec,acquitted,2024-09-18
632,Chaitaly Pillai,,20,Female,8,25b999f8e9817455,convicted,2026-01-06
633,Sneha Kala,Max,35,Female,10,749b4c9203b38c4f,absconding,2025-10-30
634,Megha Lata,,55,Female,22,4b43ccff43589510,on_bail,2024-06-04
635,Rishi Dutta,,33,Male,26,43afb74a9952b895,absconding,2023-10-01
636,Lavanya Natt,Rohan,41,Female,6,83a2aedceda14d63,arrested,2024-05-14
637,Kalpit Ramaswamy,Jagdish,38,Male,20,7b1d742d9d7715e7,on_bail,2023-12-11
638,Varsha Balakrishnan,Sanaya,28,Female,22,b0af7a456f77b409,acquitted,2025-05-31
639,Harsh Goyal,,33,Male,14,f535fa0d5629ad3b,convicted,2024-04-21
640,Ansh Ram,,38,Male,2,5f25fd9ce9f2171e,acquitted,2024-03-14
641,Ishanvi Iyengar,Chanchal,33,Female,21,c8b7b96ba9e4abfa,arrested,2024-04-23
642,Max Patel,Ubika,31,Male,31,43f3bf8f294f9cf6,absconding,2025-05-24
643,Jyoti Krishnan,,58,Female,9,7aa6a7c03e60c9e4,arrested,2026-01-25
644,Advik Mukherjee,,59,Male,25,40e64a886188d5cf,arrested,2024-12-27
645,Hritik Golla,Gauri,44,Male,10,ef3639f70edd31f9,convicted,2024-05-11
646,Zaid Rama,,25,Male,25,7a369ecc111211c2,arrested,2024-04-16
647,Vasudha Raman,Noah,29,Female,1,78f160b3834afb96,arrested,2026-02-26
648,Wriddhish Mangal,,51,Male,20,5e0320b23bcaa9c5,acquitted,2026-04-15
649,Balvan Chhabra,Aadi,21,Male,24,42b2ec0ee396873a,acquitted,2025-01-07
650,Aryan Apte,Anusha,31,Male,25,906dfc5fcf23385a,absconding,2024-09-07
651,Max Saxena,,59,Male,27,8fbdb6687f4b2d3a,acquitted,2026-02-20
652,Gauri Chatterjee,Chatresh,19,Female,12,1aa7e6fe8ccb410c,arrested,2026-04-27
653,Hritik Halder,,44,Male,22,14da3a19ec7fea45,acquitted,2024-08-02
654,Quincy Borra,,35,Male,13,fa34072c62e3dfeb,arrested,2025-10-19
655,Turvi Bains,Chameli,59,Female,29,658755df222a46bc,acquitted,2025-03-10
656,Darpan Mittal,Lucky,33,Male,30,7e4dfbfabeb2409a,on_bail,2024-12-14
657,Vedant Jayaraman,,52,Male,10,afea64e7e23b240d,acquitted,2024-03-14
658,Amruta Soni,,55,Female,9,615cca8592fefbf6,convicted,2024-12-19
659,Abhimanyu Chowdhury,,53,Male,5,651ae92327e5c734,convicted,2024-10-10
660,Jacob Shah,,36,Male,27,deaa67dd734273d7,convicted,2025-08-21
661,Lopa Bajaj,,30,Female,12,8b6491153ebd041b,on_bail,2023-10-01
662,Bhavika Dua,,35,Female,17,8880e544009e672f,absconding,2024-06-07
663,Bachittar Rao,Krishna,48,Male,17,ac7bdd5f791ad050,absconding,2023-11-26
664,Anirudh Tank,,49,Male,16,ba1bc342b2912583,on_bail,2025-08-27
665,Viraj Sachar,Parth,27,Male,11,4e8d73732e65e281,on_bail,2024-10-25
666,Anthony Bhatnagar,,47,Male,16,07514c343f6c760b,convicted,2024-11-08
667,Lohit Srinivas,Samaksh,30,Male,31,9bcc877de4d50356,acquitted,2024-04-03
668,Advik Magar,,57,Male,25,f14f43ef6d161483,convicted,2025-05-15
669,Kamya Sem,,51,Female,15,a1036d607bfad520,absconding,2025-08-09
670,Anthony Saran,Vrinda,35,Male,3,d6c7a9141c62f6d4,acquitted,2023-12-27
671,Arunima Mangat,Januja,35,Female,2,1e2d35df8b4a216b,on_bail,2025-09-10
672,Raksha Shan,,30,Female,4,495df99404526a87,arrested,2023-10-30
673,Gautami Prakash,,34,Female,17,2c34c6c299da611e,on_bail,2024-06-16
674,Eta Nagi,,60,Female,23,29a673a70ce567c1,absconding,2026-03-03
675,Tanvi Ghosh,,55,Female,19,ce502d4eacd724b3,convicted,2025-03-24
676,Quincy Sibal,Idika,36,Male,10,a7b5f9b594260798,on_bail,2024-07-09
677,Falak Talwar,,51,Female,12,62bbdabb3b272ed1,on_bail,2023-10-02
678,Pranit Sankaran,,56,Male,13,c05acbdd8b810678,on_bail,2025-01-19
679,Jonathan Devan,,20,Male,21,cb2d6aca5e4eca4c,convicted,2026-01-16
680,Praneel Shukla,,18,Male,11,cd85085ae7838d06,arrested,2025-11-26
681,Fitan Basak,Hemal,39,Male,1,8a7505ab28dd4baf,acquitted,2025-03-14
682,Onkar Zachariah,,40,Male,2,de4313ae28d29620,acquitted,2025-06-07
683,Ekiya Jha,,55,Female,3,5577e5304a2391f0,on_bail,2026-04-22
684,Chaitaly Saini,,45,Female,15,dacec47a6b5b6a27,absconding,2024-02-14
685,Yamini Barman,,36,Female,30,76be4f20ef13385b,acquitted,2024-07-11
686,Aahana Kumar,Nitesh,22,Female,28,0cf65eb1054d8c9d,acquitted,2026-01-24
687,Oviya Suresh,,46,Female,29,bd22f3bba7e7d4d3,on_bail,2025-02-18
688,Omaja Prakash,,26,Female,4,e540a7ba6df0217a,convicted,2024-07-17
689,Ronith Kanda,Indali,56,Male,30,7b64ca12e095961c,absconding,2024-08-03
690,Chatresh Kara,Sudiksha,55,Male,3,72203433a1bdc5a7,convicted,2023-09-23
691,Girindra Acharya,Yamini,21,Male,13,1d8e309283bb7ea5,arrested,2025-03-07
692,Yachana Dhawan,Ekbal,20,Female,27,2c675e78c14e2a3d,convicted,2025-01-21
693,Kavya Ravi,,34,Female,31,a55dc5b54de77c1a,arrested,2025-10-28
694,Jagrati Char,Rayaan,54,Female,2,69b21c6c88a1c7eb,convicted,2026-03-22
695,Adweta Balasubramanian,,19,Female,15,b912afbfaa553db2,absconding,2024-06-03
696,Darpan Johal,,36,Male,29,2ac77dc70c6e9494,arrested,2024-04-11
697,Balendra Bhavsar,Zehaan,48,Male,10,365ac8735bbb791e,arrested,2024-06-14
698,Dhriti Sami,Ishita,57,Female,6,883dc1aa4b0bd720,convicted,2024-06-02
699,Abdul Mital,,50,Male,11,3fc787b11ed46652,on_bail,2025-09-17
700,Sara Prasad,,27,Female,8,412a9cc5cdbe99e0,convicted,2023-11-12
701,Max Sangha,Vanya,21,Male,28,30a6efe17c6ff5b6,absconding,2025-06-10
702,Xalak Balay,Xalak,27,Female,29,38fe3a93b0f7f8da,convicted,2025-10-15
703,Parth Balasubramanian,,23,Male,26,b7e96b1677e23a21,absconding,2025-02-14
704,Vritti Rajagopal,,50,Female,22,3041009a7faf7d4b,acquitted,2025-07-31
705,Udyati Panchal,,20,Female,15,aabfca7001f99bbc,on_bail,2024-01-07
706,Amara Rai,,23,Female,6,aee398094b393c21,absconding,2024-12-01
707,Widisha Chadha,,50,Female,10,78cae27cc4ad8fc3,arrested,2025-01-19
708,Jonathan Chanda,,37,Male,30,ac5c2f2e7c0f6976,absconding,2026-02-23
709,Jason Chandra,,46,Male,8,52c9a4bc12a14269,convicted,2024-05-05
710,Sachi Nazareth,,22,Female,27,d4ab53d22eeb5889,acquitted,2024-06-09
711,Wahab Banerjee,,59,Male,5,76322873aca88e33,on_bail,2023-11-04
712,Mohammed Seth,Tarak,25,Male,19,51aef50a1b9a9a91,acquitted,2025-08-11
713,Champak Anne,Kabir,53,Male,18,e77a53f53acafafa,arrested,2025-01-22
714,Yashica Saxena,Ekapad,35,Female,24,6bc039fdb469803c,arrested,2024-02-21
715,Vedika Maharaj,,41,Female,20,e61b0784bcb2398e,convicted,2024-04-24
716,Arjun Kulkarni,,51,Male,12,526a5e9fef4ac5e2,convicted,2024-08-01
717,Yatan Ghosh,,35,Male,25,b566d73879926d0e,convicted,2025-09-21
718,Nandini Gaba,,47,Female,1,6a871137343643ce,absconding,2025-07-01
719,Mohini Narula,,34,Female,21,60ba729b20d15ac2,convicted,2024-09-13
720,Christopher Dubey,,59,Male,31,b8da0eeff7bb02aa,acquitted,2024-11-09
721,Hardik Subramaniam,,26,Male,17,98a180ad5b9b6415,arrested,2025-11-02
722,Kritika Ahluwalia,,24,Female,21,0524f64dbe9bc5f8,arrested,2024-05-04
723,Gaurang Puri,,35,Male,23,4e0c5a4a6096b500,arrested,2024-01-16
724,Matthew Goswami,,55,Male,16,272822674751583a,acquitted,2025-02-07
725,Panini Tak,Veer,19,Female,6,cd5ee0effe25b00f,on_bail,2024-06-20
726,Dalbir Chaudhuri,,39,Male,27,90e8dc98d7ed971b,acquitted,2024-11-15
727,Ekiya Deo,,43,Female,29,3374394acbbe53ce,on_bail,2025-10-28
728,Theodore Taneja,,54,Male,9,b81bb4b87a45195e,absconding,2025-04-02
729,Tanveer Bail,,50,Male,31,309f95c001ef5d2c,convicted,2025-02-07
730,Damyanti Sahota,Urvi,34,Female,29,42e87d935198affb,acquitted,2025-07-27
731,Liam Sarin,Pahal,36,Male,3,7ac617989d310312,arrested,2026-03-07
732,Bachittar Chahal,Adya,56,Male,27,674c56e40a0cec96,acquitted,2025-01-03
733,Vyanjana Rattan,,18,Female,7,c3c1daf0e86db0d0,absconding,2024-06-19
734,Ekantika Dara,Arjun,60,Female,5,cada8de5c79225e3,convicted,2024-06-11
735,Chameli Grover,,55,Female,14,4f607e5d43e65403,acquitted,2024-04-17
736,Udant Prakash,,52,Male,17,2ef58f7fdf2d8e15,arrested,2025-04-13
737,William Bhavsar,Qasim,49,Male,23,5394b48a02c28aa0,acquitted,2024-11-30
738,Dalbir Baral,Vincent,54,Male,10,8d9be61fb135eed7,convicted,2024-04-22
739,Ethan Mital,Kiaan,49,Male,6,b6b799281cc5538c,acquitted,2024-12-08
740,Abdul Prabhu,Darpan,33,Male,29,15bb2396665ef1eb,acquitted,2026-03-04
741,Daksh Vohra,,30,Male,21,9245466fc85276a7,convicted,2023-11-27
742,Aayush Mitter,,50,Male,24,1d6b7f7146e34606,arrested,2026-02-21
743,Odika Kohli,Varsha,27,Female,30,cc712e6711a657a3,convicted,2025-08-21
744,Ijaya Soman,,34,Female,5,ae501cdac5d5024a,on_bail,2025-03-20
745,Wriddhish Kala,Hardik,29,Male,29,c35f35b11dd3b1d6,arrested,2023-09-30
746,Sara Bobal,,37,Female,3,84f015589f15dbcd,convicted,2025-01-23
747,Eesha Uppal,,53,Female,8,71d70531b0b1ee12,absconding,2024-04-05
748,Bhavna Sridhar,,34,Female,17,b59a748992aaaa59,convicted,2025-07-26
749,Fitan Koshy,,26,Male,30,0e50b0b5cc6be835,acquitted,2024-10-09
750,Pratyush Kar,,32,Male,26,af14657b48802e0a,convicted,2023-12-11
751,Samar Bhasin,Rachana,29,Male,18,cfeeeeb456b952ca,on_bail,2025-10-30
752,Naveen Rana,Ayaan,33,Male,30,ebf39d8b36506cd2,convicted,2023-12-11
753,Rachit Raman,Shivani,56,Male,31,90fa1d4824d4b517,arrested,2024-11-13
754,Eesha Srinivas,Yashodhara,54,Female,1,7731d3390ad7e0f5,convicted,2024-09-01
755,Gaurangi Khurana,,32,Female,11,676d3f84511f64e3,acquitted,2024-06-11
756,Yadavi Borde,,47,Female,17,49a1ee6bfa1cb41b,on_bail,2024-01-05
757,Alexander Sahni,,27,Male,14,97437cf8fbc2ee4f,absconding,2025-01-04
758,Brijesh Dhingra,,38,Male,9,73a87623b98169a9,acquitted,2024-06-19
759,Qasim Mall,,18,Male,2,68cab628fdc6730d,arrested,2023-10-22
760,Logan Shetty,,49,Male,31,dc08897ff6a6538a,absconding,2025-09-21
761,Max Wason,Eta,23,Male,22,90c70588b1e8d490,arrested,2024-03-06
762,Wahab Vaidya,,19,Male,28,f1c9b1db988a83bb,absconding,2025-04-13
763,Sanya Devan,,44,Female,16,30457db5c8659178,on_bail,2025-12-15
764,Om Chand,,41,Male,10,61f3d857a0970247,on_bail,2025-05-05
765,Onveer Walia,,55,Male,6,bb324a52dba64846,arrested,2025-11-17
766,Jeremiah Loyal,,51,Male,3,26aa46c2a9b280d1,arrested,2024-07-11
767,Maanas Varghese,Vedant,37,Male,13,d5b715873104273d,on_bail,2024-06-17
768,Neel Khatri,,58,Male,24,b91fea53d218cd6d,convicted,2024-01-03
769,Owen Mohan,,41,Male,13,3af4f8a071d5d01a,on_bail,2024-07-12
770,Oviya Vasa,,25,Female,19,1e063cf5ed0a55f7,acquitted,2025-11-04
771,Maya Lalla,,42,Female,13,dfc3dc4d58adc2f4,on_bail,2026-02-04
772,Ijaya Dewan,Chakrika,25,Female,27,c9b82c27b5b964fc,acquitted,2025-12-27
773,Pratyush Nagi,,25,Male,21,bdce56069308dd10,arrested,2024-06-28
774,Vihaan Venkatesh,Oscar,54,Male,15,cad9f953b1b7f7ee,on_bail,2026-03-13
775,Madhav Koshy,,33,Male,25,b5ccb906e7ce0193,arrested,2025-10-28
776,Om Goswami,Watika,25,Male,25,b8c34e9fc3fe6613,arrested,2024-10-10
777,Jason Ramanathan,Veda,52,Male,1,b2980f8f33d22490,on_bail,2023-10-10
778,Victor Yogi,,29,Male,21,007b784269e0d6a7,convicted,2025-09-18
779,Eta Kumar,,26,Female,1,0aade4f02c284ef7,absconding,2024-05-15
780,Lajita Dash,Krisha,57,Female,16,c51252a1cd38c502,absconding,2025-04-09
781,Aarav Bhavsar,,23,Male,31,1602da96596a8e88,acquitted,2024-01-24
782,Lakshmi Talwar,,27,Female,25,1a795e8dd4d51848,absconding,2026-05-15
783,Manya Vaidya,Osha,50,Female,29,12b206c10f866779,on_bail,2024-07-06
784,Kiaan Behl,Prisha,60,Male,31,947a1e0b6a147b00,acquitted,2026-02-14
785,Darika Soni,Rajeshri,33,Female,19,b696187c6e86d28d,on_bail,2024-01-06
786,Naksh Dar,Logan,57,Male,25,b300e69e36a46203,on_bail,2024-06-10
787,Darsh Pathak,Chatura,54,Male,16,086c475b442eaae8,convicted,2023-09-22
788,Bakhshi Mall,,33,Male,25,d31569e872adb457,absconding,2024-07-04
789,Krish Datta,,59,Male,14,85cc10efbbcfdc62,absconding,2026-01-25
790,Udyati Jayaraman,,31,Female,23,d2de7e8c2fe28e5b,absconding,2024-02-02
791,Bhanumati Anne,Isaac,21,Female,22,94463b3645a7723b,absconding,2024-07-01
792,Manya Mane,,18,Female,3,e9c80bb4e33c5b0d,on_bail,2024-06-24
793,Jai Kashyap,Thomas,44,Male,26,168f4243ef36f531,on_bail,2024-07-04
794,Raagini Khalsa,,27,Female,23,6c27f8e0d32f3ee1,absconding,2024-08-09
795,Advay Nadig,Thomas,30,Male,21,71daf637daff23b0,arrested,2024-05-23
796,Sanaya Jani,,41,Female,22,5584575710ff3ec9,arrested,2024-07-21
797,Faris Chand,Anamika,26,Male,20,cbadfc40f9bcc584,on_bail,2024-07-31
798,David Chandran,,58,Male,27,75cfb876a45f631d,on_bail,2025-04-23
799,Tanvi Kant,,47,Female,1,22e7171912a786ae,acquitted,2024-05-12
800,Victor Gandhi,Oscar,45,Male,7,3ead35728b1e3796,convicted,2023-09-20
801,Logan Chhabra,Aarush,27,Male,18,2b9203fcf5d80087,convicted,2024-01-29
802,Nikita Saran,Libni,19,Female,1,03368bb4ad2ca040,absconding,2025-09-24
803,Hredhaan Kata,,54,Male,23,bef50503cf6f277f,convicted,2026-01-02
804,Chaitaly Rege,Sachi,33,Female,9,d580cb48b87570f6,arrested,2025-07-03
805,Falguni Rajagopalan,Lajita,47,Female,13,7a6a19ba95a9597e,arrested,2026-04-29
806,Madhavi Jha,,53,Female,11,e4f58de369275aab,acquitted,2025-01-17
807,Urmi Viswanathan,Hema,54,Female,10,5dc37baba2cf037f,arrested,2023-09-24
808,Advaith Tata,Yashica,26,Male,10,4e4515affc7aed7f,arrested,2024-11-05
809,Vaishnavi Jha,,35,Female,9,7a5ec5ecf2e88ecd,absconding,2025-12-22
810,Eshana Brahmbhatt,Krishna,45,Female,22,61fa9058a0baca97,convicted,2024-03-02
811,Tamanna Johal,,21,Female,25,fdef244bb918c04a,absconding,2025-06-23
812,Nirja Pandit,Nidhi,26,Female,27,e62d06f802ba3e7b,arrested,2025-05-30
813,Kritika Mannan,,57,Female,22,d1b9834f8b2d7bbb,absconding,2025-03-24
814,Ranveer Singh,,59,Male,19,1f27eabd7d167478,acquitted,2024-11-05
815,Jairaj Bhattacharyya,Sneha,53,Male,13,b6c2a8b2c7898988,absconding,2025-07-30
816,Saumya Pai,Jagvi,39,Female,23,2c911165e9b1d674,convicted,2025-07-11
817,Aishani Swaminathan,Rajata,48,Female,6,70c6e8b985457d61,arrested,2024-09-27
818,Simon Chakraborty,,54,Male,13,bb161350ed0cfb7a,acquitted,2026-02-07
819,Lakshmi Pall,Veer,32,Female,17,b2037c1cfff2280b,on_bail,2025-05-13
820,Qadim Lad,,37,Male,18,c7275e4b2eb3303d,arrested,2026-04-24
821,Farhan Ganguly,,47,Male,25,620f60dc9c066887,acquitted,2024-12-09
822,Guneet Bansal,,21,Male,8,ba69852025b4f94b,arrested,2023-10-27
823,Qabil Bava,,27,Male,4,24cd31575492fac3,absconding,2024-07-26
824,Chandani Dutt,,39,Female,3,44900be9048aa82d,acquitted,2024-11-25
825,Aryan Krishna,Fariq,34,Male,15,548ed4b1f3eced94,on_bail,2026-03-23
826,Varsha Dixit,,40,Female,29,2a371f53e623b641,convicted,2025-05-15
827,Ekta Sarin,,48,Female,26,fdac89a010b300df,on_bail,2024-05-30
828,Girik Karnik,Nimrat,40,Male,2,0f8d707133eef71b,absconding,2025-08-31
829,Geetika Verma,Ekalinga,60,Female,10,9a84eaa6eedfea65,on_bail,2023-12-10
830,Chakradhar Ben,Patrick,19,Male,21,78254dde5bc71a62,acquitted,2025-04-30
831,Vrinda Sampath,,35,Female,17,12069b514eb653ad,acquitted,2026-02-16
832,Jacob Badal,Rohan,31,Male,14,b3efc7f2db370041,absconding,2024-01-12
833,Bahadurjit Chaudhuri,Amruta,54,Male,20,16ffb48428d30972,on_bail,2023-10-07
834,Diya Shere,Jyoti,26,Female,11,ae0328becfce74b4,arrested,2024-01-07
835,Faraj Walla,,58,Male,20,08b8b77edf5c72d0,acquitted,2025-06-06
836,Krisha Anand,Eshana,36,Female,29,ab721fa213874c9e,arrested,2025-02-21
837,Madhavi Varghese,Ansh,18,Female,10,21a08d43c657b4ab,on_bail,2024-08-24
838,Shravya Deshmukh,Oliver,39,Female,15,058b46cd6e808ca5,absconding,2024-10-11
839,Vrinda Dugal,Kevin,52,Female,4,7e2a4d0b2d65ea9e,convicted,2024-05-18
840,Raksha Mallick,,45,Female,10,b12573decfa90049,arrested,2024-11-02
841,Jason Sha,,22,Male,1,4752a992663346d0,absconding,2024-05-07
842,Dayamai Kothari,Neel,54,Female,19,4ddb9dcbfd02b1fd,arrested,2025-05-24
843,Bahadurjit Purohit,,25,Male,20,f88cce7ccee45ed6,acquitted,2024-09-17
844,Aachal Mani,,33,Female,31,5473adab6c796e1f,absconding,2026-02-19
845,Zarna Suri,Megha,42,Female,15,28ca5cd5a1a639b7,on_bail,2024-01-18
846,Zaitra Shukla,,58,Female,5,d0d911e819cd9eb2,convicted,2023-12-09
847,Samaksh Krishnamurthy,,36,Male,5,592daf41a0b6aa77,arrested,2025-10-20
848,Geetika Thakur,,20,Female,30,5ac42aa9a8cc597b,absconding,2025-05-24
849,Edhitha Bansal,Samuel,18,Female,11,9c0963b04d2c54c1,convicted,2024-07-02
850,Raksha Misra,Jack,39,Female,29,c968ae1bc7a5b909,convicted,2024-10-12
851,Sai Prashad,Chandani,34,Female,8,9d7a99ea34165e5e,convicted,2024-04-30
852,Amaira Murty,Vidhi,39,Female,13,a333fa2a9c804388,acquitted,2025-12-17
853,Abhiram Kale,Radhika,57,Male,24,5f266aae06f0192c,convicted,2024-02-04
854,Umang Dey,,48,Male,13,2437c1b655ad2bc3,convicted,2025-08-20
855,Rudra Konda,Lucky,25,Male,17,b24a77b0e1a9ed53,convicted,2023-10-16
856,Jhalak Sarna,,43,Female,3,992cdef6733e1eca,on_bail,2023-11-04
857,Widisha Rastogi,,18,Female,1,4a0e64048912eb07,convicted,2025-10-10
858,Viraj Prabhu,,39,Male,18,f4b15882153f538a,acquitted,2025-04-09
859,Vincent De,,23,Male,24,6c8b5c0249a0a477,absconding,2025-03-09
860,Ati Korpal,,42,Female,29,5af1b11a5eb6476b,acquitted,2025-09-27
861,Chandresh Merchant,,55,Male,2,12422cdc88ca0800,convicted,2023-10-07
862,Avi Palla,,36,Male,31,c6c56e8ce3c2cbae,arrested,2025-03-08
863,Reyansh Sant,,38,Male,2,68fead9d3325c014,absconding,2025-05-28
864,Nandini Pant,,51,Female,6,771724028e584b06,arrested,2024-12-23
865,Anusha Srinivas,,58,Female,12,641c32b539b36ade,on_bail,2026-03-06
866,Qushi Narula,Rishi,32,Female,14,5e51655ed88ada1f,arrested,2025-03-17
867,Zehaan Gandhi,,48,Male,23,6f864366aa0296e0,acquitted,2023-09-23
868,Daksha Dhingra,,20,Female,27,4a1e02900acf89b4,on_bail,2025-10-08
869,Bhanumati Bakshi,Yashodhara,39,Female,1,24166c7de0134f92,absconding,2025-10-18
870,Yoshita Prabhu,Arjun,24,Female,29,ba3c38fd207d1b5d,convicted,2024-06-26
871,Tamanna Natt,Triveni,57,Female,1,89918eb6dcdffbc5,acquitted,2024-08-11
872,Nihal Mane,Jhalak,43,Male,9,2d57299c110cba19,absconding,2024-12-08
873,Yauvani Dasgupta,,53,Female,22,4c9d80858e73dcf8,convicted,2025-04-25
874,Yagnesh Sant,Yoshita,60,Male,19,53260835eaeb06f5,on_bail,2023-12-21
875,Yashica Bhavsar,Mitesh,37,Female,17,248410700195c095,convicted,2024-02-17
876,Noah Sarraf,,42,Male,8,9b5cde9fa0767d13,arrested,2024-07-07
877,Ekbal Dhar,Ronith,26,Male,3,9b4662cf5c5e28d9,acquitted,2024-03-08
878,Sanaya Majumdar,,27,Female,29,ee27eefb78581a01,convicted,2026-02-04
879,Imaran Barman,,32,Male,11,275c208b988c08df,convicted,2025-04-14
880,Nidra Arora,Kiaan,44,Female,12,907328a82eb79d84,convicted,2025-09-20
881,Shaurya Hari,,20,Male,24,c519555e7fc9c0b8,convicted,2023-11-03
882,Faqid Sane,,49,Male,13,b947f53899f9e2e2,arrested,2023-10-09
883,Henry Acharya,,46,Male,16,80aeeb04aa64c23a,convicted,2026-02-28
884,Gautami Barad,,45,Female,21,cc57c561451c123b,convicted,2025-05-19
885,Warhi Bhatti,Theodore,44,Female,8,5772c90f3a9e08c8,on_bail,2026-04-17
886,Fitan Tak,,25,Male,6,2a0fafd0b3960237,arrested,2024-01-29
887,Balveer Sharaf,,55,Male,25,cddb40dd005535ed,on_bail,2024-02-01
888,Ria Singh,Aarna,29,Female,8,bf9aa3a113736e40,on_bail,2024-06-09
889,Omisha Vyas,,23,Female,13,63bc851d27d06d43,convicted,2025-03-01
890,Yoshita Mallick,,29,Female,23,e82fc2f2715c8b76,convicted,2026-02-06
891,Jeevika Bains,Radha,58,Female,5,de70019dd6dccabe,absconding,2026-04-19
892,Madhavi Narasimhan,Yashodhara,48,Female,14,0fd8eb8268cb08e7,acquitted,2024-02-09
893,Zaid Ravel,Charan,33,Male,31,17672bc3235cb739,arrested,2024-11-30
894,Kabir Chhabra,,18,Male,24,8caff292a18664f2,arrested,2024-08-06
895,Isaac Kanda,Yuvraj,40,Male,17,8b296722a0925660,convicted,2024-03-24
896,Ganga Chaudhari,Yashasvi,18,Female,4,cf3f50c4ea52f30e,on_bail,2025-10-30
897,Samuel Ratta,Oni,60,Male,31,c57f0a0fb76c1c94,absconding,2024-11-16
898,Netra Bumb,,52,Female,8,756b3ae1ccb5bf5b,arrested,2024-11-05
899,Gautami Srivastava,,54,Female,5,a2389e79ea305028,convicted,2024-06-08
900,Naksh Bhandari,,57,Male,14,707d7c6b416fa091,acquitted,2024-09-03
901,Tanmayi Sankaran,,54,Female,27,af950545f80facae,absconding,2026-03-11
902,Sarthak Solanki,Azaan,18,Male,16,ec80fb10639d8cbd,acquitted,2024-01-15
903,Reva Dani,Darika,51,Female,27,ba3b2dddf2265d28,convicted,2025-10-09
904,Yagnesh Swamy,Meghana,21,Male,17,836c4419655637d4,on_bail,2024-03-18
905,Tanmayi Sani,,42,Female,14,50ddb77f626f789c,absconding,2025-04-05
906,Mekhala Kohli,Nitesh,24,Female,23,e30a94677590cee7,arrested,2024-02-17
907,Fariq Narain,,38,Male,14,9ad4fdc12e56c592,on_bail,2024-11-23
908,Chakrika Chaudhuri,,44,Female,25,df0b3809c8d92bbf,absconding,2024-08-09
909,Benjamin Anand,,50,Male,22,ae8d50bba42c3116,absconding,2024-12-04
910,Tanish Tailor,,59,Male,2,79142717777f8da9,convicted,2023-11-11
911,Forum Behl,Aarnav,55,Female,13,59c648ca89eabbaa,acquitted,2024-05-19
912,Hema Bali,,34,Female,11,a72bbf1c4218000c,absconding,2025-11-23
913,Mugdha Peri,Ishanvi,33,Female,10,6eb8f1576346599b,acquitted,2025-01-30
914,Anmol Gandhi,Dayita,52,Male,8,30e7b2ea0394c7d2,acquitted,2024-09-10
915,Chandresh Barad,,32,Male,14,eaac83dfecde40fa,on_bail,2024-06-29
916,Anusha Acharya,Rehaan,34,Female,3,f446090053ed8e60,on_bail,2025-06-05
917,Rohan Swaminathan,,46,Male,2,40680865812a845c,arrested,2024-07-17
918,Kiaan Manne,Ekbal,55,Male,5,55da9f1c0fa86e38,acquitted,2025-06-19
919,Ekapad Bhattacharyya,,35,Male,3,f9093c82aedcc280,on_bail,2024-02-23
920,Leena Dugar,Yutika,28,Female,14,1d6f324ade15d9ba,on_bail,2025-05-04
921,Yadavi Kapur,,45,Female,30,bc14b85882d97faa,arrested,2026-03-28
922,Anamika Ramaswamy,,51,Female,26,f1149f46b3055a9c,absconding,2025-03-20
923,Finn Solanki,Sneha,57,Male,16,083c8665d9421792,acquitted,2025-02-24
924,Michael Memon,Nandini,47,Male,26,92aadb3c1bd36340,arrested,2025-10-26
925,Jacob More,Eta,53,Male,25,8e67638ad948c6bf,on_bail,2025-04-05
926,Jai Shenoy,,58,Male,8,c21a61611d50a6b5,on_bail,2025-02-11
927,Faras Bansal,Fariq,58,Male,4,53815d445f725157,absconding,2024-02-23
928,Daniel Divan,,20,Male,16,d43b263dd0b0a13b,arrested,2025-08-12
929,Udarsh Date,,45,Male,16,565395c193dd9a97,arrested,2024-08-29
930,Balhaar Mandal,,38,Male,16,11c05d0e2177db87,convicted,2025-11-08
931,Nathaniel Khare,Vasatika,34,Male,20,dcecfc7b10c8d68a,arrested,2025-09-12
932,Tara Das,Chasmum,23,Female,29,93d982115ee993be,arrested,2026-04-29
933,Vritti Bandi,,57,Female,16,b45841ff1643c0c3,arrested,2024-01-27
934,Farhan Raman,,52,Male,11,07f3b799d889055d,convicted,2026-05-13
935,Pooja Bhatti,,51,Female,20,6b4b694054746679,acquitted,2025-02-08
936,Amol Krishnan,Lopa,60,Male,2,7334eab625946dcf,acquitted,2025-02-10
937,Yuvraj Sheth,,34,Male,10,7b6079ebbc8fbefc,on_bail,2025-03-30
938,Ojasvi Sengupta,Kiaan,38,Female,28,ab4ff3c978108f9a,arrested,2023-11-15
939,Siddharth Murty,Qarin,21,Male,4,fe37031dc122c650,convicted,2025-04-03
940,Fitan Krishna,,18,Male,24,87c2807f1b464e31,acquitted,2025-04-16
941,Chakradhar Sur,,45,Male,16,45a43fd81509cc77,convicted,2025-07-06
942,Falak Basak,,38,Female,29,47f3bc1cae91cbe1,acquitted,2024-03-20
943,Jagdish Varghese,,59,Male,31,9087524580efc346,convicted,2023-10-16
944,Liam Jain,,25,Male,22,fe64acb0be93de98,on_bail,2023-11-28
945,Turvi Barad,,42,Female,16,54131e5938974f8d,absconding,2025-03-24
946,Pranit Oza,,23,Male,1,f7017d80919243f4,arrested,2024-06-13
947,Om Agate,,29,Male,28,4ad9b63afce07357,arrested,2026-04-23
948,Wyatt Thaker,Saksham,49,Male,3,59c806d4302af0a1,arrested,2025-03-04
949,Falak Natarajan,,20,Female,5,789ebbdfe503b4b4,acquitted,2026-02-16
950,Zilmil Raman,,20,Female,21,924e0581a587d155,arrested,2025-05-30
951,Teerth Baral,,35,Male,1,7c30599a75004c6d,arrested,2026-04-01
952,Mohini Yohannan,,57,Female,30,f43b8f130315aeb3,on_bail,2024-04-28
953,Anthony Mane,,36,Male,20,d8cb8f01a45751d1,acquitted,2025-06-11
954,Aditya Reddy,Dev,60,Male,2,3118a2fe696911e1,convicted,2024-11-23
955,Sathvik Sheth,,22,Male,12,f89e9a545e248a49,absconding,2023-11-29
956,Nisha Kapoor,Shivani,58,Female,15,a5071dacd80235d5,convicted,2024-12-24
957,Netra Barad,,32,Female,28,6f03ab69ad85cfda,arrested,2024-02-14
958,Lakshmi Rana,,48,Female,17,fc20dd0dd765f854,convicted,2023-10-04
959,Aahana Wali,,57,Female,18,f52cdacce537fe90,arrested,2026-03-21
960,Anmol Kapadia,Shivani,31,Male,2,75a682c34539c9cb,convicted,2026-05-01
961,Rushil Agate,Qushi,46,Male,14,34221af7deb27ee7,convicted,2025-07-22
962,Bishakha Mahal,Omaja,35,Female,21,bf92e4c0d2db14c7,arrested,2024-12-12
963,Yamini Mohan,,51,Female,28,1891640682e6b65b,arrested,2025-04-30
964,Yadavi Kala,,35,Female,21,98e1b478104efb57,on_bail,2024-03-07
965,Devika Keer,,53,Female,12,3122d063b476d9e3,arrested,2025-05-04
966,Omya Goel,Sai,29,Female,1,21d339d01f189088,absconding,2026-03-28
967,Upadhriti Buch,,52,Female,15,a8ac23b3085a5b90,absconding,2025-05-24
968,Krisha Srinivasan,Ansh,47,Female,2,37afd4e36405d2bc,acquitted,2024-07-20
969,Eiravati Kuruvilla,Omkaar,55,Female,30,c08feaf7ab5bd807,acquitted,2025-09-20
970,Kabir Sagar,Neel,51,Male,11,d90ac42bfc11df98,convicted,2024-01-24
971,Harsh Gade,Janaki,19,Male,29,67e07c20aa633fe8,convicted,2025-05-04
972,Maanas More,Ekapad,32,Male,21,9468fb904113f718,acquitted,2024-10-27
973,Garima Dara,Aarush,46,Female,16,b1471e82a78ffa2b,convicted,2024-03-04
974,Bachittar Madan,Praneel,34,Male,12,3e0d3a247e06fa5a,arrested,2025-01-10
975,Upkaar Nazareth,,33,Male,27,afee2abc1ff3bcff,acquitted,2025-03-20
976,Yamini Warrior,,51,Female,16,77d91fe1a8dbe14a,acquitted,2023-11-16
977,Yashodhara Das,Vasana,31,Female,5,ec8cacc5f469abc8,acquitted,2024-07-24
978,Benjamin Parekh,George,41,Male,1,f266c4a434b37fc8,arrested,2023-10-06
979,Hema Rama,,46,Female,23,a5d4e79de81a6a49,absconding,2023-09-30
980,Ladli Badami,,20,Female,1,278f82f19b2cb90c,on_bail,2024-03-07
981,Bhavika Gaba,Madhav,53,Female,14,6978556e7e1e90e6,absconding,2025-05-28
982,Gaurika Vig,,26,Female,27,92bfe45995ca489a,acquitted,2025-11-21
983,Wakeeta Panchal,,34,Female,9,94c1081b756217db,acquitted,2026-01-25
984,Panini Ramachandran,,53,Female,31,4036ec43b2c75683,convicted,2025-08-23
985,Damini Vala,,24,Female,25,bc290d74cfeb7d91,acquitted,2024-10-06
986,Hitesh Ganesh,,20,Male,8,e9d2a733b0f82e23,on_bail,2024-11-28
987,Warhi Bhavsar,,51,Female,10,f3ba4eb785534722,convicted,2024-02-09
988,Yachana Shankar,Lila,22,Female,21,648444f8830d6019,acquitted,2023-10-03
989,Raksha Issac,Benjamin,42,Female,9,9f267e17521a558a,on_bail,2024-04-25
990,Varsha Guha,,24,Female,21,8fcf4d44bcd17d51,convicted,2023-11-06
991,Raagini Badal,Kashish,60,Female,12,7be131ac3f1f337a,absconding,2026-04-15
992,Triya Amble,,30,Female,17,89a528de5521db3c,arrested,2025-03-20
993,Vincent Chada,Krish,45,Male,25,691e8ff4ad8394f6,arrested,2023-10-04
994,Dalbir Deshpande,,39,Male,28,85dcae5638bf564f,convicted,2024-11-06
995,Yachana Oak,,32,Female,31,25fb51f2b86d38ec,on_bail,2025-01-08
996,Anamika Nadig,,47,Female,7,537771aaf39cc368,arrested,2025-03-05
997,Nachiket Yadav,,27,Male,16,4046276d3b9df8a5,absconding,2026-01-22
998,Manan Barad,,53,Male,31,0a659c35605a0a57,convicted,2026-02-20
999,Baghyawati Mital,Laksh,48,Female,8,ce6e42d4e258adcb,acquitted,2024-10-01
1000,Sachi Dua,Avni,24,Female,27,e50a2276ab486591,acquitted,2024-06-20
1001,Tripti Borde,,56,Female,24,ae7bc2d5688fd36d,convicted,2024-12-06
1002,Baljiwan Tara,Darika,48,Male,16,36acb92203649288,convicted,2023-09-24
1003,Samar Bajaj,Atharv,52,Male,20,7e41476ec0ba9ff6,acquitted,2024-08-07
1004,Nihal Goyal,,32,Male,2,c6e3c5579b1da15a,convicted,2026-01-23
1005,Ekapad Vohra,,44,Male,9,187818f75e6cba7d,absconding,2025-11-28
1006,Pratyush Comar,,56,Male,25,4a4e4c42c1d331f5,acquitted,2026-04-25
1007,Libni Nath,,33,Female,19,8845cbc8061b9a87,arrested,2023-10-12
1008,Diya Goswami,Simon,29,Female,22,749785bed441964a,arrested,2025-08-09
1009,Jack Bawa,Aradhana,49,Male,19,466bf6071ad829ed,on_bail,2024-11-08
1010,Balveer Mishra,,26,Male,30,4afb97e38fc755d6,on_bail,2024-10-05
1011,Daksha Raval,Banjeet,57,Female,17,27351d9b0952f768,convicted,2023-09-25
1012,Shivansh Chander,,22,Male,19,42e497753e54e7dd,absconding,2025-08-14
1013,Lipika Ben,,25,Female,21,7efd3cae6dd6273b,convicted,2025-10-20
1014,Bakhshi Chandra,Aayush,57,Male,24,79684512b9cec701,arrested,2024-11-25
1015,William Basak,,43,Male,16,a5bb4b38297b3cfa,arrested,2024-07-18
1016,Radha Ravi,,43,Female,30,dd74b10527245c2f,absconding,2026-02-09
1017,Kevin Dutt,,53,Male,21,af33a56e53843151,arrested,2024-06-12
1018,Chaitaly Natt,Om,35,Female,9,8ee2202d2f70ab71,absconding,2024-01-09
1019,Charles Badal,,20,Male,17,fdffa0f44aa074a0,acquitted,2023-11-19
1020,Ikbal Date,,53,Male,14,a8df5f4be53c8f45,acquitted,2024-04-11
1021,Yashoda Khare,,58,Female,12,b8e136efa9b3ab3b,arrested,2025-04-27
1022,Aahana Virk,,50,Female,30,de4a534467f90e2a,on_bail,2024-03-13
1023,Ijaya Tailor,,18,Female,25,9f227c2f5cc63216,on_bail,2024-08-28
1024,Bhanumati Sani,Siddharth,57,Female,25,3db47498c68c4d1c,arrested,2024-12-16
1025,Inaya Wable,,47,Female,30,ad034186c84eea57,on_bail,2025-02-26
1026,Pooja Deshpande,,51,Female,7,954a02f96e691ce4,convicted,2025-03-23
1027,Samesh Mani,,39,Male,3,a20de4791f610ff9,arrested,2024-04-02
1028,Jeet Dash,Osha,23,Male,25,6f3e7559c74ea735,arrested,2024-04-15
1029,Yuvraj Agarwal,,30,Male,14,f38e69bcfc8f6b5c,arrested,2025-04-06
1030,Tanmayi Halder,Zehaan,51,Female,16,f0db239367583e30,absconding,2024-09-07
1031,Hiral Dar,,53,Female,31,9c6b1b572b3cfd8b,acquitted,2026-03-15
1032,Dominic Baria,,36,Male,12,84114299997affdc,arrested,2024-02-20
1033,Kritika Batra,,57,Female,22,423f35d6d39eb666,acquitted,2026-01-24
1034,Rudra Deol,,48,Male,31,6e3d79a4c4602f4b,acquitted,2025-03-03
1035,Manya Chowdhury,Aarnav,51,Female,9,26608730f6b52872,arrested,2024-10-15
1036,Dayamai Atwal,,28,Female,15,5633fd06ce50f564,absconding,2024-02-27
1037,Damyanti Om,,50,Female,30,21b57aae28095a5a,convicted,2026-04-17
1038,Udant Dhawan,,21,Male,31,5cd64dab34b3f311,convicted,2025-12-05
1039,Diya Pillay,,41,Female,23,8feb026b19016101,arrested,2023-11-01
1040,Samesh Radhakrishnan,Zilmil,26,Male,11,0404dc5d9bf9aee6,arrested,2025-05-19
1041,Vamakshi Jaggi,,36,Female,6,d5b76449ee7d9028,arrested,2025-01-28
1042,Ishanvi Ramachandran,Ira,57,Female,11,ddc8c43721b3a0d1,arrested,2024-05-05
1043,Jairaj Suri,,40,Male,13,c138ddcf8fcf834e,on_bail,2025-05-05
1044,Mahika Sarkar,Chandran,58,Female,9,f015bbd673abfa02,convicted,2024-03-05
1045,Aadhya Sant,,30,Female,10,4d90086eafd425b4,convicted,2026-03-27
1046,Gauri Bhat,,21,Female,28,c68641535a7d7a10,acquitted,2023-10-31
1047,Vasudha Viswanathan,Bimala,41,Female,24,c0699ef5caebf9ef,convicted,2024-03-11
1048,Triveni Choudhry,,50,Female,17,68648411811296b9,acquitted,2024-05-02
1049,Ekavir Mander,Ati,46,Male,26,a4b1306dd7f6f6ec,acquitted,2025-08-27
1050,Tanay Atwal,,24,Male,20,fe2dc10810082561,convicted,2024-07-22
1051,Bachittar Sha,Ijaya,53,Male,11,1e081fb0d9748db9,on_bail,2023-12-23
1052,Jasmit Sengupta,Sai,22,Female,7,5a0e5d4cf009e83c,convicted,2024-01-04
1053,William Ramakrishnan,,49,Male,16,e542e53e47ca7233,on_bail,2023-10-20
1054,Faris Srinivasan,,55,Male,29,cb1f7ea94a63c376,absconding,2024-11-20
1055,Urvashi Deol,,56,Female,2,659ee88d84775db7,arrested,2025-01-23
1056,Kamya Sunder,,59,Female,21,114ea3db8259a1cc,convicted,2026-03-07
1057,Januja Upadhyay,,40,Female,28,6515a7ff912a1ece,convicted,2024-01-18
1058,Christopher Loyal,Kamala,18,Male,3,f01141127f55cb9e,absconding,2024-01-18
1059,Chandran Magar,,49,Male,13,aa9f70be3af28395,absconding,2024-02-28
1060,Tamanna Bahri,,59,Female,20,6e6d620d6e62e60f,on_bail,2023-11-10
1061,Damyanti Khurana,,55,Female,11,a2d4d7e0d165f2c0,absconding,2024-02-06
1062,Jonathan Konda,,46,Male,9,b7b952d10ceb47de,absconding,2023-11-17
1063,Yadavi Wadhwa,Aarush,22,Female,15,ee54e24d28a7361f,on_bail,2025-03-08
1064,Advaith Narang,,21,Male,21,3fcae07daa98f53b,arrested,2024-02-26
1065,Panini Agarwal,Vasana,29,Female,16,8e703a17fb4c71de,arrested,2025-01-18
1066,Girik Chopra,,59,Male,29,8bd4ab670798a9d5,convicted,2025-12-25
1067,Simon Krishnamurthy,,35,Male,13,672e3ee07ca87ecd,convicted,2026-05-11
1068,Harish Ratti,Ishanvi,43,Male,30,a349b27b973f31af,absconding,2024-04-10
1069,Sachi Sodhi,Rohan,28,Female,9,41fbc1fd5bfe041b,acquitted,2026-01-04
1070,Omaja Bath,,28,Female,28,7e55666d8baa7127,arrested,2025-04-13
1071,Pranav Sinha,,24,Male,5,54267877a2f98658,arrested,2025-07-23
1072,Ojas Tailor,Vedant,34,Male,26,0119108c0267124c,acquitted,2024-01-28
1073,Adweta Bose,,19,Female,30,7e5185510593be79,arrested,2024-05-24
1074,Ekantika Kashyap,Nirja,50,Female,15,cdce141c44a97b0e,absconding,2026-02-21
1075,Harsh Sibal,,55,Male,25,736cce8cbee50963,convicted,2024-06-10
1076,Bina Chauhan,,55,Female,22,ed25856a322baf08,absconding,2025-10-31
1077,Ekanta Kant,Tanish,29,Female,9,0fd17b33c75cdd55,convicted,2025-09-02
1078,Reva Chatterjee,Balhaar,36,Female,7,607e8e7e01f2237e,convicted,2024-11-24
1079,Abdul Rege,,57,Male,17,fbdccd18474529cc,absconding,2024-08-31
1080,Meera Sengupta,,31,Female,1,13d7bb718e809cce,arrested,2024-10-11
1081,Chakradhar Oak,Warjas,27,Male,4,935371428d862d08,arrested,2024-03-26
1082,Chakradhar Krishna,,28,Male,17,c11033da9b0ffea1,arrested,2024-08-20
1083,Anthony Soni,Aradhana,47,Male,1,7ea1bf12c17861b9,on_bail,2025-07-06
1084,Aarush Suri,Tarak,51,Male,13,cb4f7878d347a51a,convicted,2026-03-26
1085,Oni Chaudhry,Gaurang,36,Female,3,fedd40033f2d9917,on_bail,2026-04-18
1086,Maya Acharya,Prisha,49,Female,16,386d98208359916a,on_bail,2025-05-20
1087,Pranav Sethi,,25,Male,26,538ad90ea446af06,arrested,2025-03-10
1088,Agastya Chatterjee,Ansh,20,Male,14,523ac866082fd084,arrested,2024-05-03
1089,Inaya Gera,,25,Female,15,a364599b9e26edf6,on_bail,2024-06-24
1090,Jackson Bath,,48,Male,16,b7910d464e64d522,absconding,2025-01-17
1091,Indira Kadakia,,44,Female,17,4a94715174c3332c,convicted,2024-04-07
1092,Ekaja Merchant,Triveni,42,Female,30,ffb1fe01c44ae70b,absconding,2026-05-15
1093,Varenya Kara,Krish,38,Female,12,2ac62d042b4155ee,on_bail,2025-05-30
1094,Dhriti Jayaraman,Jeevika,26,Female,12,738415f2d1c183d8,convicted,2023-12-15
1095,Upma Dube,,31,Female,4,c7617e5eb8edfd2a,convicted,2025-10-15
1096,Fariq Som,Kritika,54,Male,17,cf4ee9982dfd66ce,on_bail,2025-10-22
1097,Harinakshi Prasad,,37,Female,6,89f6d844cf6562cb,on_bail,2024-10-09
1098,Zinal Gill,Osha,25,Female,20,2efe68eb4d1038ad,arrested,2023-10-19
1099,Brijesh Dugar,,55,Male,27,07eb731dace28761,on_bail,2023-09-30
1100,Balhaar Dube,,58,Male,21,0afc2bf43a7091e3,arrested,2025-03-15
1101,Chatura Saran,Veer,20,Male,13,b01dfe46bed7ff17,absconding,2024-09-29
1102,Kiaan Venkatesh,Forum,40,Male,12,a1a74b6ff904ae00,acquitted,2025-04-28
1103,Farhan Walia,Tanveer,21,Male,9,44ea0cd2b4dcdd73,arrested,2024-09-07
1104,Unnati Gera,Sai,50,Female,21,cce14b9d9371e12d,acquitted,2025-05-17
1105,Nakul Lad,,56,Male,8,f177d46ed34437da,convicted,2026-04-23
1106,Aishani Hayre,Nidra,20,Female,16,01995d034de8978d,absconding,2025-10-17
1107,Riya Wason,,54,Female,8,f53a82c44fe56092,convicted,2024-01-13
1108,Chandani D’Alia,,26,Female,6,97543b3f1db53d32,convicted,2024-01-10
1109,Avi Karpe,Isaiah,42,Male,31,a82d249119750e57,acquitted,2026-01-06
1110,Siya Deshmukh,,18,Female,29,5c2dc01c674660e1,on_bail,2024-05-08
1111,Gautam Yohannan,,19,Male,21,27d6e1fc452502cc,on_bail,2024-07-01
1112,Edhitha Khosla,Chandresh,56,Female,10,b2785b7039331d98,on_bail,2026-04-19
1113,Kavya Yohannan,,38,Female,31,133120b93dfddd01,absconding,2025-06-08
1114,Pallavi Vohra,Girik,44,Female,10,0bc395ba1de7fd15,absconding,2025-09-09
1115,Leena Natarajan,,28,Female,21,8f5c2975fc087187,convicted,2026-05-05
1116,Hemal Basu,,60,Female,26,7cce8985c73a9097,on_bail,2026-04-05
1117,Yatan Jha,Logan,56,Male,28,b8f5bf31e622e4a0,absconding,2025-01-03
1118,Chaitanya Vasa,Manbir,57,Male,2,f7cccf997f6754c5,on_bail,2025-09-07
1119,Bimala Sami,,24,Female,7,fb929e0dbd43cf64,convicted,2025-01-06
1120,Oeshi Sharma,,57,Female,23,dca441b702e85702,acquitted,2024-11-24
1121,Manya Nazareth,,46,Female,12,3980f3970e549031,on_bail,2024-07-12
1122,Amol Apte,,25,Male,15,5ef078bf14fc50bb,on_bail,2024-04-20
1123,Amaira Balasubramanian,,22,Female,10,7d5be5c785cca491,convicted,2025-07-13
1124,Neel Gala,Finn,59,Male,3,46105125eb530f47,acquitted,2024-11-20
1125,Girish Srivastava,,33,Male,23,4c7e5f212e2e1a1c,convicted,2024-01-02
1126,Urvashi Yohannan,Kamya,20,Female,26,6a837eebaa8ef5bd,acquitted,2025-02-03
1127,Amara Doctor,Ira,53,Female,23,c67a0a960685ee9d,acquitted,2025-03-16
1128,Ranveer Contractor,Yamini,49,Male,29,6a7a02bb878019b8,on_bail,2024-12-30
1129,Madhav Lal,,52,Male,3,2c70aee876c69c96,acquitted,2025-01-30
1130,Brijesh Divan,Vansha,30,Male,13,a495636c2429bacd,absconding,2024-06-11
1131,Xalak Vig,,40,Female,5,58239a48a8c84e39,convicted,2024-01-18
1132,Forum Gill,Bhavya,24,Female,6,a9860cb733bd4ce8,convicted,2025-06-25
1133,Nirja Raghavan,,30,Female,17,21afd9aa2cb2d214,absconding,2026-04-08
1134,Anmol Tripathi,Radhika,28,Male,5,74119543368c654e,absconding,2025-03-24
1135,Amara Basu,,19,Female,29,52dacbe13d692ebb,convicted,2024-07-18
1136,Aadhya Lal,,57,Female,17,1fa025ef3b840c3d,acquitted,2025-09-11
1137,Saanvi Pai,Harita,55,Female,2,9f21e433d0e5410c,on_bail,2024-05-15
1138,Pratyush Varty,Anvi,19,Male,16,43e11d68d778f60c,arrested,2023-12-20
1139,Samaksh Purohit,,30,Male,4,5859f04619351bbb,acquitted,2024-06-11
1140,Jacob Sachar,,37,Male,13,e06066c883531d39,acquitted,2023-12-04
1141,Krish Vaidya,Vedant,53,Male,31,655bc9838ffaa12c,absconding,2025-09-21
1142,Qasim Bawa,,58,Male,30,5a8055245575eeab,arrested,2025-11-23
1143,Nilima Garde,,51,Female,24,f32384e7a00d6f60,absconding,2024-05-29
1144,Anvi Baral,,55,Female,18,73a1b45224c483d0,arrested,2025-05-27
1145,Avni Ray,,45,Female,2,1fd7f6e1af8bc2da,arrested,2025-03-16
1146,Jai Roy,,19,Male,8,a8ca071bbde0e485,on_bail,2024-06-07
1147,Peter Badal,,38,Male,2,40836c540bc8fca3,arrested,2025-03-06
1148,Dev Bhattacharyya,,58,Male,9,bd7d8d0f55377892,absconding,2024-11-09
1149,Krish Batta,Jason,33,Male,13,b477fe7ea69dd83f,absconding,2025-01-09
1150,Jonathan Wadhwa,,53,Male,24,9fcf8b40d7663e1b,absconding,2023-10-02
1151,Aarnav Lal,Aarna,28,Male,30,4923ac65aec7faae,absconding,2025-12-27
1152,Vritti Tara,Yuvraj,44,Female,16,05b66b58909e2a1e,on_bail,2023-09-22
1153,Ranbir Guha,Devansh,24,Male,14,591a47178cdd2fa6,absconding,2026-02-25
1154,Krish Kibe,,58,Male,13,fdab9fc1a87c7ec7,on_bail,2025-06-09
1155,Bachittar Dhaliwal,Mugdha,21,Male,20,85a0d528f0319c03,on_bail,2024-05-25
1156,Frederick Vig,,54,Male,23,d5a63f0fcb503588,absconding,2026-03-08
1157,Tanvi Mishra,,50,Female,25,ff60dc1f113e7a5e,absconding,2024-12-09
1158,Aishani Kibe,Oni,23,Female,13,b9ca31e6b4fff539,absconding,2024-01-09
1159,Raksha Wadhwa,,37,Female,21,74f99ed68abd6b93,absconding,2025-11-27
1160,Hredhaan Chawla,Dayita,39,Male,10,a4d0817e92a805d9,absconding,2024-01-07
1161,Benjamin Shere,,28,Male,18,24239d3e83877313,acquitted,2025-02-03
1162,Saumya Manne,,51,Female,19,414a765c2dfeec3a,arrested,2025-04-06
1163,Gaurangi Pant,Kashvi,30,Female,7,5f824de995ff9b92,acquitted,2026-03-20
1164,Anvi Grover,,18,Female,23,4964d05b1b8fe8e4,convicted,2024-08-22
1165,Ishwar Pillay,,33,Male,30,870f0597f1f35ea4,convicted,2023-10-25
1166,Girik Memon,Rehaan,20,Male,31,451ad36a843dd3ab,on_bail,2025-05-02
1167,Brijesh Singhal,,34,Male,3,53ccdb561a0765c3,convicted,2024-05-24
1168,Mitesh Sabharwal,Ati,38,Male,15,fb4c343577da6942,convicted,2026-03-11
1169,Zayyan Bajaj,,53,Male,5,c9e055d716930d11,arrested,2024-02-23
1170,Darika Pillay,,33,Female,17,85f2b6f6051a31e0,on_bail,2023-10-05
1171,Zashil Venkataraman,Pranav,47,Male,9,885b96073614aafc,on_bail,2023-12-01
1172,Noah Desai,Udyati,29,Male,21,3872af2d6bcb331f,on_bail,2023-10-13
1173,Panini Barad,Bimala,57,Female,6,9c850c991b9125ff,absconding,2025-05-18
1174,Madhav Khare,Samarth,30,Male,8,d449b71571660c32,on_bail,2025-01-13
1175,Ishita Pant,,54,Female,4,1576d700fed3e675,absconding,2023-11-12
1176,Zansi Kurian,,40,Female,20,1b8e87c8c70c2cd8,convicted,2025-10-31
1177,Divya Rana,Tristan,35,Female,27,712dc0e4aa926935,absconding,2024-08-08
1178,Dalaja Chana,,39,Female,29,c5f5d78e2d911289,acquitted,2024-10-27
1179,Utkarsh Vora,,41,Male,16,4ec81e786161da7e,on_bail,2025-02-08
1180,Diya Bava,,19,Female,23,44dedfcd535f1c42,convicted,2024-01-03
1181,Kavya Chand,,45,Female,24,77c7aa25ba7ee553,convicted,2023-10-27
1182,Yatin Kalita,Krish,47,Male,11,bca648736c9a2bbf,absconding,2026-03-17
1183,Ojasvi Kara,,20,Female,26,51c65d79e3de1781,on_bail,2025-11-20
1184,Samar Banerjee,,48,Male,22,d784d56b85a4d588,arrested,2023-10-15
1185,Chakrika Tiwari,,42,Female,19,f48cea39ee3efaba,acquitted,2025-12-19
1186,Nihal Ramachandran,,47,Male,30,eb2a1edef34ac7c5,acquitted,2026-04-24
1187,Vihaan Tella,Niharika,59,Male,24,812a1f6c53395b14,acquitted,2025-04-17
1188,Abdul Goyal,Sathvik,45,Male,10,e846f8c200b7b117,acquitted,2026-05-15
1189,Alexander Chhabra,Gaurika,38,Male,27,2a9d043680396ef0,arrested,2025-08-22
1190,Dayita Datta,,21,Female,19,02f679392a4e8f45,convicted,2025-07-15
1191,Jason Purohit,,37,Male,1,c01b1943d142d51f,arrested,2024-03-25
1192,Vrishti Tank,,56,Female,30,19f19465c41a6a82,arrested,2025-04-01
1193,Meghana Dar,,31,Female,14,2f69af601828877b,acquitted,2023-11-12
1194,Aadhya Kala,,51,Female,14,4f98f90f4755c7f0,absconding,2024-05-14
1195,Qarin Pal,,32,Male,2,74189a900d3ca531,arrested,2025-08-02
1196,Barkha Bose,Deepa,38,Female,18,7f187bb21e72d61d,on_bail,2023-11-04
1197,David Vora,,57,Male,28,e17b83a701d6e676,arrested,2025-01-27
1198,Darika Zacharia,,47,Female,17,12538ccfe9034258,absconding,2025-11-02
1199,Jeevika Kashyap,,56,Female,28,48dc3ccfff2bdd68,convicted,2026-01-15
1200,Zilmil Sood,,23,Female,8,ca0a9f3f7e515bfe,arrested,2026-01-29
