station_id,name,district_id,latitude,longitude,station_code
1,Bengaluru West PS,1,13.044065,77.518068,KA-01-0001
2,Nagpur Rural PS,1,13.02461,77.712254,KA-01-0002
3,Sambalpur Town PS,1,12.831135,77.472709,KA-01-0003
4,Kolhapur Traffic PS,1,12.829561,77.504251,KA-01-0004
5,Bongaigaon West PS,1,12.947456,77.579363,KA-01-0005
6,Gudivada Women PS,1,12.82355,77.686346,KA-01-0006
7,Patna Central PS,1,12.904961,77.509194,KA-01-0007
8,Tiruchirappalli Market PS,1,12.849424,77.473615,KA-01-0008
9,Muzaffarpur Railway PS,1,12.900956,77.457635,KA-01-0009
10,Kishanganj North PS,1,13.113535,77.55816,KA-01-0010
11,Bengaluru South PS,1,13.010192,77.710236,KA-01-0011
12,Bongaigaon Cyber PS,1,13.032972,77.458347,KA-01-0012
13,Muzaffarnagar Traffic PS,1,13.117166,77.701195,KA-01-0013
14,Bengaluru Railway PS,1,12.904992,77.635305,KA-01-0014
15,Bengaluru Cyber PS,1,12.928181,77.645653,KA-01-0015
16,Giridih Central PS,1,13.016011,77.627339,KA-01-0016
17,Chennai Rural PS,1,12.895043,77.583278,KA-01-0017
18,Bhusawal Women PS,1,13.0136,77.611685,KA-01-0018
19,Alwar West PS,1,13.052094,77.461381,KA-01-0019
20,Bengaluru Railway PS,1,12.916236,77.524922,KA-01-0020
21,Thrissur Traffic PS,1,12.991754,77.659974,KA-01-0021
22,Kota Traffic PS,1,12.94029,77.718964,KA-01-0022
23,Bengaluru North PS,1,12.863489,77.668097,KA-01-0023
24,Bengaluru South PS,1,12.996976,77.713947,KA-01-0024
25,Nadiad Economic Offences PS,1,13.120798,77.4861,KA-01-0025
26,Bengaluru North PS,1,12.835735,77.477495,KA-01-0026
27,Bengaluru West PS,1,13.025744,77.623523,KA-01-0027
28,Secunderabad Economic Offences PS,1,13.120436,77.603334,KA-01-0028
29,Mahbubnagar South PS,1,12.825044,77.660817,KA-01-0029
30,Varanasi West PS,1,13.046863,77.67518,KA-01-0030
31,Bengaluru Cyber PS,1,12.95203,77.580717,KA-01-0031
32,Jorhat Central PS,1,12.900617,77.594776,KA-01-0032
33,Burhanpur Rural PS,1,12.853523,77.63219,KA-01-0033
34,Suryapet Railway PS,1,13.004291,77.490452,KA-01-0034
35,Bengaluru Market PS,1,13.10765,77.72133,KA-01-0035
36,Tadipatri City PS,1,12.968182,77.47816,KA-01-0036
37,Gangtok Cyber PS,1,13.0711,77.536854,KA-01-0037
38,Bengaluru City PS,1,12.991807,77.468227,KA-01-0038
39,Coimbatore Central PS,1,12.842364,77.672781,KA-01-0039
40,Bengaluru Market PS,1,13.019525,77.728655,KA-01-0040
41,Bengaluru Rural PS,1,13.08333,77.571541,KA-01-0041
42,Ambattur Traffic PS,1,13.04818,77.65156,KA-01-0042
43,Vijayawada Central PS,1,13.120145,77.639563,KA-01-0043
44,Salem North PS,1,12.957046,77.518972,KA-01-0044
45,Alwar Town PS,1,12.998093,77.513634,KA-01-0045
46,Bengaluru Traffic PS,1,13.033952,77.462262,KA-01-0046
47,Bharatpur Town PS,1,13.079491,77.465857,KA-01-0047
48,Bengaluru Traffic PS,1,12.967224,77.60637,KA-01-0048
49,Uluberia Central PS,1,12.992913,77.586401,KA-01-0049
50,Bhagalpur Market PS,1,12.943718,77.472898,KA-01-0050
51,Madurai West PS,1,12.948674,77.584707,KA-01-0051
52,Bengaluru Central PS,1,13.017637,77.638454,KA-01-0052
53,Deoghar City PS,1,12.923391,77.703102,KA-01-0053
54,Bengaluru Traffic PS,1,12.982486,77.486655,KA-01-0054
55,Bengaluru Rural PS,1,12.896542,77.72158,KA-01-0055
56,Ujjain North PS,1,13.07839,77.473973,KA-01-0056
57,Nadiad West PS,1,13.072408,77.735299,KA-01-0057
58,Proddatur Market PS,1,12.871493,77.590292,KA-01-0058
59,Anantapur Traffic PS,1,13.092333,77.493991,KA-01-0059
60,Berhampur City PS,1,12.901161,77.679821,KA-01-0060
61,Bengaluru North PS,1,13.030577,77.663752,KA-01-0061
62,Satna Market PS,1,13.037122,77.491039,KA-01-0062
63,Bengaluru Women PS,1,12.839145,77.665321,KA-01-0063
64,Agartala City PS,1,12.83875,77.619853,KA-01-0064
65,Rajpur Sonarpur South PS,1,12.980938,77.461664,KA-01-0065
66,Bengaluru South PS,1,12.877347,77.623111,KA-01-0066
67,Rajpur Sonarpur West PS,1,12.942733,77.727079,KA-01-0067
68,Bengaluru East PS,1,12.999956,77.630414,KA-01-0068
69,Tenali Economic Offences PS,1,12.991168,77.539511,KA-01-0069
70,Bengaluru Women PS,1,13.036458,77.516206,KA-01-0070
71,Bengaluru Economic Offences PS,1,13.01525,77.581767,KA-01-0071
72,Asansol Market PS,1,12.824395,77.630948,KA-01-0072
73,Kolhapur East PS,1,12.843578,77.508546,KA-01-0073
74,Bengaluru Women PS,1,12.926303,77.465237,KA-01-0074
75,Kishanganj Traffic PS,1,12.868924,77.694723,KA-01-0075
76,Bhimavaram Central PS,1,13.116756,77.68673,KA-01-0076
77,Bengaluru South PS,1,13.066731,77.534414,KA-01-0077
78,Bengaluru West PS,1,13.085038,77.52394,KA-01-0078
79,Ballia Town PS,1,12.868234,77.529127,KA-01-0079
80,Mirzapur Traffic PS,1,12.882679,77.634871,KA-01-0080
81,Durgapur Women PS,1,12.896936,77.717048,KA-01-0081
82,Bengaluru City PS,1,12.948673,77.527604,KA-01-0082
83,Mysore City PS,1,12.860846,77.738539,KA-01-0083
84,Bhubaneswar Rural PS,1,12.987104,77.572906,KA-01-0084
85,Bengaluru City PS,1,13.105115,77.651906,KA-01-0085
86,Kozhikode Rural PS,1,13.071979,77.619353,KA-01-0086
87,Kavali Rural PS,1,12.834149,77.553995,KA-01-0087
88,Kharagpur Market PS,1,12.833568,77.551943,KA-01-0088
89,Bengaluru West PS,1,12.852438,77.678635,KA-01-0089
90,Kavali Railway PS,1,13.007798,77.490966,KA-01-0090
91,Dehri Traffic PS,1,13.114462,77.687832,KA-01-0091
92,Bengaluru Economic Offences PS,1,13.042569,77.544256,KA-01-0092
93,Begusarai Economic Offences PS,1,13.080819,77.687825,KA-01-0093
94,Bengaluru Women PS,1,13.031983,77.559363,KA-01-0094
95,Raipur City PS,1,12.88833,77.689576,KA-01-0095
96,Mau North PS,1,13.067761,77.705997,KA-01-0096
97,Bengaluru Traffic PS,1,12.879539,77.543079,KA-01-0097
98,Bengaluru Railway PS,1,13.053598,77.549944,KA-01-0098
99,Durg South PS,1,13.115945,77.605465,KA-01-0099
100,Bengaluru City PS,1,13.11272,77.49817,KA-01-0100
101,Bengaluru Women PS,1,13.000571,77.548306,KA-01-0101
102,Sangli-Miraj & Kupwad Market PS,1,13.003463,77.598027,KA-01-0102
103,Delhi Economic Offences PS,1,12.878624,77.457916,KA-01-0103
104,Bengaluru Economic Offences PS,1,13.099273,77.606136,KA-01-0104
105,Orai Central PS,1,13.042711,77.503711,KA-01-0105
106,Bengaluru Economic Offences PS,1,13.020871,77.54366,KA-01-0106
107,Guna Cyber PS,1,12.858988,77.714614,KA-01-0107
108,Bihar Sharif South PS,1,12.944118,77.56532,KA-01-0108
109,Jamnagar Women PS,1,12.879152,77.644079,KA-01-0109
110,Nanded Economic Offences PS,1,13.092442,77.629254,KA-01-0110
111,Khora  Women PS,1,13.071718,77.535762,KA-01-0111
112,Unnao Traffic PS,1,12.995595,77.641012,KA-01-0112
113,Gorakhpur North PS,1,13.024288,77.597952,KA-01-0113
114,Aizawl Market PS,1,13.060407,77.495507,KA-01-0114
115,Bengaluru Town PS,1,13.020756,77.630378,KA-01-0115
116,Howrah Town PS,1,13.046941,77.646439,KA-01-0116
117,Tezpur Traffic PS,1,12.865806,77.458464,KA-01-0117
118,Guwahati North PS,1,13.052147,77.581225,KA-01-0118
119,Coimbatore West PS,1,13.037104,77.559794,KA-01-0119
120,Bengaluru Economic Offences PS,1,13.018417,77.446263,KA-01-0120
121,Warangal Market PS,1,13.08724,77.678126,KA-01-0121
122,Bengaluru Traffic PS,1,13.10899,77.599987,KA-01-0122
123,Jamalpur City PS,1,13.096841,77.481008,KA-01-0123
124,Bilaspur Rural PS,1,13.021873,77.740968,KA-01-0124
125,Rajpur Sonarpur East PS,1,13.048175,77.577372,KA-01-0125
126,Bijapur Railway PS,1,12.973033,77.693771,KA-01-0126
127,Dindigul South PS,1,12.869347,77.703048,KA-01-0127
128,Bengaluru North PS,1,12.895772,77.635898,KA-01-0128
129,Hazaribagh Market PS,1,12.966979,77.516374,KA-01-0129
130,Bengaluru North PS,1,12.907318,77.526115,KA-01-0130
131,Jamshedpur Cyber PS,1,12.845773,77.489849,KA-01-0131
132,Kamarhati Economic Offences PS,1,13.033526,77.463869,KA-01-0132
133,Sonipat Economic Offences PS,1,12.961377,77.46328,KA-01-0133
134,Giridih Railway PS,1,13.093052,77.619824,KA-01-0134
135,Bengaluru Central PS,1,13.085797,77.617307,KA-01-0135
136,Bengaluru North PS,1,12.927128,77.670643,KA-01-0136
137,Giridih Railway PS,1,13.072319,77.606066,KA-01-0137
138,Chennai Central PS,1,13.002576,77.510762,KA-01-0138
139,Bengaluru Traffic PS,1,12.967293,77.561257,KA-01-0139
140,Allahabad West PS,1,12.942895,77.494113,KA-01-0140
141,Jabalpur North PS,1,13.115817,77.604837,KA-01-0141
142,Bathinda Economic Offences PS,1,13.0205,77.469784,KA-01-0142
143,Bengaluru Economic Offences PS,1,12.96011,77.459685,KA-01-0143
144,Kottayam Economic Offences PS,1,12.95801,77.54585,KA-01-0144
145,Bengaluru Economic Offences PS,1,13.106961,77.571069,KA-01-0145
146,Bengaluru Railway PS,1,12.827415,77.606426,KA-01-0146
147,Bengaluru Cyber PS,1,12.842186,77.731786,KA-01-0147
148,Alwar City PS,1,13.106484,77.504408,KA-01-0148
149,Kakinada City PS,1,12.893163,77.586668,KA-01-0149
150,Aurangabad Town PS,1,12.886989,77.654439,KA-01-0150
151,Latur Market PS,1,13.003368,77.73372,KA-01-0151
152,Bengaluru Central PS,1,13.06739,77.734016,KA-01-0152
153,Vellore Town PS,1,13.100266,77.617339,KA-01-0153
154,Bareilly Economic Offences PS,1,13.036104,77.467399,KA-01-0154
155,Chinsurah Central PS,1,12.894455,77.653758,KA-01-0155
156,Bhusawal Women PS,1,13.001723,77.480917,KA-01-0156
157,Bhind East PS,1,12.925761,77.573113,KA-01-0157
158,Bengaluru Cyber PS,1,13.015863,77.448396,KA-01-0158
159,Navi Mumbai Economic Offences PS,1,12.853262,77.732836,KA-01-0159
160,Sambhal West PS,1,12.959522,77.490497,KA-01-0160
161,Moradabad Rural PS,1,13.111242,77.525625,KA-01-0161
162,Nellore Market PS,1,13.053992,77.584062,KA-01-0162
163,Jorhat Railway PS,1,12.902119,77.700114,KA-01-0163
164,Kolhapur Railway PS,1,12.905278,77.579841,KA-01-0164
165,South Dumdum Market PS,1,13.0047,77.558297,KA-01-0165
166,Surendranagar Dudhrej City PS,1,12.919104,77.590865,KA-01-0166
167,Aurangabad Cyber PS,1,12.923702,77.708696,KA-01-0167
168,Jamalpur Central PS,1,12.988337,77.599588,KA-01-0168
169,Bengaluru Traffic PS,1,13.037622,77.591173,KA-01-0169
170,Bengaluru Market PS,1,12.964428,77.658153,KA-01-0170
171,Dhanbad North PS,1,12.849516,77.511079,KA-01-0171
172,Bengaluru Central PS,1,13.020788,77.555306,KA-01-0172
173,Tiruchirappalli South PS,1,12.949251,77.668381,KA-01-0173
174,Rourkela Cyber PS,1,12.957724,77.536587,KA-01-0174
175,Bengaluru Traffic PS,1,12.879375,77.480466,KA-01-0175
176,Shivpuri South PS,1,13.028649,77.502062,KA-01-0176
177,Kakinada Central PS,1,13.038976,77.737582,KA-01-0177
178,Allahabad South PS,1,13.115753,77.694389,KA-01-0178
179,Bengaluru Women PS,1,12.875432,77.448845,KA-01-0179
180,Bengaluru South PS,1,12.835255,77.460958,KA-01-0180
181,Nadiad Women PS,1,12.859484,77.705138,KA-01-0181
182,Bengaluru North PS,1,12.82528,77.529902,KA-01-0182
183,Pali North PS,2,13.131009,77.440413,KA-02-0183
184,Malda Railway PS,2,13.322335,77.545212,KA-02-0184
185,Bhusawal Town PS,2,13.281635,77.470518,KA-02-0185
186,Bhatpara Market PS,2,13.166851,77.723175,KA-02-0186
187,Sagar Town PS,2,13.200552,77.603838,KA-02-0187
188,Bengaluru East PS,2,13.232472,77.560154,KA-02-0188
189,Bengaluru North PS,2,13.252258,77.553649,KA-02-0189
190,Howrah East PS,2,13.258589,77.647027,KA-02-0190
191,Bengaluru Market PS,2,13.139008,77.623128,KA-02-0191
192,Bengaluru Rural PS,2,13.241298,77.47196,KA-02-0192
193,Satara Economic Offences PS,2,13.253843,77.512378,KA-02-0193
194,Bengaluru Traffic PS,2,13.160516,77.682882,KA-02-0194
195,Dhanbad Town PS,2,13.352873,77.661348,KA-02-0195
196,Ambala West PS,2,13.316872,77.484346,KA-02-0196
197,Howrah Town PS,2,13.26999,77.697523,KA-02-0197
198,Bengaluru Railway PS,2,13.093591,77.662789,KA-02-0198
199,Gaya East PS,2,13.246462,77.511583,KA-02-0199
200,Hindupur Town PS,2,13.166927,77.545753,KA-02-0200
201,Noida Women PS,2,13.223839,77.449133,KA-02-0201
202,Jamshedpur City PS,2,13.29606,77.606114,KA-02-0202
203,Bengaluru City PS,2,13.364273,77.675788,KA-02-0203
204,Adoni East PS,2,13.081924,77.654428,KA-02-0204
205,Mysuru Railway PS,3,12.15787,76.716281,KA-03-0205
206,Udupi North PS,3,12.278469,76.572847,KA-03-0206
207,Gurgaon East PS,3,12.390073,76.780117,KA-03-0207
208,Bhilwara North PS,3,12.245793,76.69044,KA-03-0208
209,Mysuru Railway PS,3,12.269294,76.638041,KA-03-0209
210,Satara West PS,3,12.38987,76.654429,KA-03-0210
211,Mysuru North PS,3,12.22152,76.524176,KA-03-0211
212,Bilaspur Market PS,3,12.300179,76.785836,KA-03-0212
213,Mira-Bhayandar West PS,3,12.284393,76.505661,KA-03-0213
214,Berhampore South PS,3,12.372733,76.677023,KA-03-0214
215,Mysuru Market PS,3,12.225917,76.528704,KA-03-0215
216,Srinagar Women PS,3,12.355275,76.525828,KA-03-0216
217,Berhampore West PS,3,12.217589,76.536913,KA-03-0217
218,Mysuru South PS,3,12.268197,76.55681,KA-03-0218
219,Srinagar Railway PS,3,12.284234,76.52464,KA-03-0219
220,Mysuru Railway PS,3,12.425596,76.576958,KA-03-0220
221,Mysuru Central PS,3,12.396217,76.783473,KA-03-0221
222,Guna Traffic PS,3,12.189193,76.546583,KA-03-0222
223,Mira-Bhayandar East PS,3,12.409598,76.748608,KA-03-0223
224,Coimbatore Women PS,3,12.402124,76.591363,KA-03-0224
225,Uluberia Market PS,3,12.391965,76.574252,KA-03-0225
226,Sangli-Miraj & Kupwad Women PS,3,12.319777,76.687382,KA-03-0226
227,Mysuru Railway PS,3,12.307374,76.592937,KA-03-0227
228,Tinsukia South PS,3,12.258963,76.769256,KA-03-0228
229,Mysuru Railway PS,3,12.35505,76.660939,KA-03-0229
230,Pudukkottai Traffic PS,3,12.269033,76.584853,KA-03-0230
231,Begusarai North PS,3,12.389223,76.605224,KA-03-0231
232,Vasai-Virar West PS,4,15.895306,74.393332,KA-04-0232
233,Belagavi City PS,4,15.989306,74.447298,KA-04-0233
234,Bilaspur Town PS,4,15.831792,74.505485,KA-04-0234
235,Belagavi North PS,4,15.742947,74.60898,KA-04-0235
236,Belagavi Rural PS,4,15.934158,74.427207,KA-04-0236
237,Aligarh East PS,4,15.894651,74.60323,KA-04-0237
238,Darbhanga Railway PS,4,15.859787,74.633942,KA-04-0238
239,Mahbubnagar West PS,4,15.927521,74.609415,KA-04-0239
240,Tiruvottiyur City PS,4,15.770131,74.55302,KA-04-0240
241,Bilaspur Women PS,4,15.92373,74.477891,KA-04-0241
242,Chandrapur Town PS,4,15.910867,74.377852,KA-04-0242
243,Tiruchirappalli Rural PS,4,15.970727,74.361497,KA-04-0243
244,Belagavi Market PS,4,15.807239,74.476906,KA-04-0244
245,Bally Traffic PS,4,15.869478,74.585456,KA-04-0245
246,Belagavi Rural PS,4,15.882548,74.462463,KA-04-0246
247,Belagavi West PS,4,15.973549,74.390635,KA-04-0247
248,Delhi North PS,4,15.837571,74.547752,KA-04-0248
249,Bikaner Market PS,4,15.785989,74.511679,KA-04-0249
250,Nanded Town PS,4,15.80337,74.523972,KA-04-0250
251,Suryapet West PS,4,15.906794,74.484751,KA-04-0251
252,Belagavi Women PS,4,15.815108,74.492662,KA-04-0252
253,Kishanganj Traffic PS,4,15.807388,74.436462,KA-04-0253
254,Belagavi Central PS,4,15.993083,74.545169,KA-04-0254
255,Belagavi Women PS,4,15.95922,74.581193,KA-04-0255
256,Gorakhpur City PS,4,15.923252,74.597552,KA-04-0256
257,Jalgaon Women PS,4,15.768736,74.58828,KA-04-0257
258,Uluberia Traffic PS,4,15.885967,74.551029,KA-04-0258
259,Chinsurah Central PS,4,15.903957,74.388734,KA-04-0259
260,Kalyan-Dombivli Town PS,4,15.893602,74.44038,KA-04-0260
261,Belagavi North PS,4,15.809158,74.387124,KA-04-0261
262,Bharatpur Women PS,4,15.824351,74.407938,KA-04-0262
263,Secunderabad Market PS,4,15.991147,74.506956,KA-04-0263
264,Kulti Women PS,4,15.776791,74.595107,KA-04-0264
265,Raichur North PS,4,15.788242,74.608819,KA-04-0265
266,Belagavi Market PS,4,15.988568,74.389927,KA-04-0266
267,Udupi Traffic PS,4,15.916965,74.641683,KA-04-0267
268,Patiala Railway PS,4,15.809433,74.584905,KA-04-0268
269,Belagavi City PS,4,15.736777,74.458276,KA-04-0269
270,Belgaum Central PS,4,15.875068,74.594425,KA-04-0270
271,Belagavi Cyber PS,4,15.769847,74.355207,KA-04-0271
272,Nagpur South PS,4,15.882725,74.541996,KA-04-0272
273,Thoothukudi West PS,4,15.972516,74.438357,KA-04-0273
274,Kalaburagi Economic Offences PS,5,17.193304,76.695464,KA-05-0274
275,Kalaburagi North PS,5,17.25014,76.845564,KA-05-0275
276,Kulti Economic Offences PS,5,17.380846,76.907242,KA-05-0276
277,Kozhikode South PS,5,17.402381,76.730657,KA-05-0277
278,Eluru Economic Offences PS,5,17.429808,76.868996,KA-05-0278
279,Kalaburagi Women PS,5,17.290859,76.817315,KA-05-0279
280,Nandyal Traffic PS,5,17.209506,76.890004,KA-05-0280
281,Kollam South PS,5,17.373148,76.702465,KA-05-0281
282,Kalaburagi Women PS,5,17.216348,76.93871,KA-05-0282
283,Kalaburagi North PS,5,17.243332,76.876148,KA-05-0283
284,Kalaburagi City PS,5,17.279753,76.980946,KA-05-0284
285,Etawah Market PS,5,17.200283,76.913847,KA-05-0285
286,Ambattur Traffic PS,5,17.423616,76.7542,KA-05-0286
287,Kalaburagi Market PS,5,17.449859,76.685151,KA-05-0287
288,Nagpur Railway PS,5,17.475958,76.846365,KA-05-0288
289,Kalaburagi Market PS,5,17.378017,76.692034,KA-05-0289
290,Silchar City PS,5,17.416229,76.860956,KA-05-0290
291,Kalaburagi City PS,5,17.19542,76.906815,KA-05-0291
292,Kalaburagi South PS,5,17.198767,76.818783,KA-05-0292
293,Alwar Cyber PS,5,17.212416,76.835452,KA-05-0293
294,Kalaburagi East PS,5,17.414668,76.944394,KA-05-0294
295,Alwar South PS,5,17.372702,76.693645,KA-05-0295
296,Danapur North PS,5,17.307582,76.716689,KA-05-0296
297,Jorhat Central PS,5,17.201747,76.708537,KA-05-0297
298,Kalaburagi East PS,5,17.217557,76.871595,KA-05-0298
299,Bhopal East PS,5,17.277256,76.982688,KA-05-0299
300,Kalaburagi South PS,5,17.331365,76.81336,KA-05-0300
301,Bhilwara Market PS,5,17.435538,76.879575,KA-05-0301
302,Amaravati Market PS,5,17.439348,76.813321,KA-05-0302
303,Agra Traffic PS,5,17.427926,76.803919,KA-05-0303
304,Kalaburagi Central PS,5,17.307729,76.883832,KA-05-0304
305,Kavali Cyber PS,5,17.385746,76.82658,KA-05-0305
306,Hapur Town PS,5,17.207669,76.713269,KA-05-0306
307,Junagadh Central PS,5,17.218735,76.702294,KA-05-0307
308,Kharagpur South PS,5,17.380704,76.807543,KA-05-0308
309,Rohtak Railway PS,5,17.404785,76.944728,KA-05-0309
310,Kalaburagi Central PS,5,17.265989,76.778035,KA-05-0310
311,Junagadh Town PS,5,17.243522,76.881321,KA-05-0311
312,Saharsa Traffic PS,5,17.284734,76.85118,KA-05-0312
313,Bharatpur Town PS,5,17.35193,76.926466,KA-05-0313
314,Coimbatore Railway PS,5,17.40993,76.870817,KA-05-0314
315,Satara West PS,5,17.187576,76.963025,KA-05-0315
316,Dewas Railway PS,5,17.188386,76.766281,KA-05-0316
317,Alappuzha Market PS,6,12.866047,74.707832,KA-06-0317
318,Dakshina Railway PS,6,12.961303,74.726876,KA-06-0318
319,Sambhal Central PS,6,12.773297,74.929834,KA-06-0319
320,Begusarai Traffic PS,6,12.900194,74.753223,KA-06-0320
321,Nellore Women PS,6,12.997151,74.876278,KA-06-0321
322,Nadiad Town PS,6,12.810774,74.932331,KA-06-0322
323,Tadepalligudem City PS,6,12.845731,74.904582,KA-06-0323
324,Machilipatnam North PS,6,12.888355,74.770671,KA-06-0324
325,Dakshina South PS,6,12.893074,74.790974,KA-06-0325
326,Avadi West PS,6,12.92218,74.798526,KA-06-0326
327,Bhagalpur Traffic PS,6,12.943897,74.708306,KA-06-0327
328,Adoni Women PS,6,12.994305,74.935248,KA-06-0328
329,Kirari Suleman Nagar Women PS,6,12.766419,74.930104,KA-06-0329
330,Dakshina Rural PS,6,12.923875,74.775033,KA-06-0330
331,Mango South PS,6,13.00596,74.727623,KA-06-0331
332,Sasaram Railway PS,6,12.894966,74.843926,KA-06-0332
333,Gulbarga Town PS,6,12.936828,74.87802,KA-06-0333
334,Anantapuram Central PS,6,12.850955,74.82751,KA-06-0334
335,Dakshina Cyber PS,6,13.048384,74.844029,KA-06-0335
336,Tiruchirappalli Central PS,6,12.790539,74.959345,KA-06-0336
337,Tirupati Traffic PS,6,12.884235,74.729594,KA-06-0337
338,Davanagere Railway PS,6,12.865954,74.805921,KA-06-0338
339,Dakshina Rural PS,6,12.954067,74.865181,KA-06-0339
340,Nagpur Traffic PS,6,12.868913,74.924214,KA-06-0340
341,Sambalpur Railway PS,6,12.808407,74.736841,KA-06-0341
342,Dakshina Women PS,6,12.94482,74.934065,KA-06-0342
343,Dakshina West PS,6,13.049488,74.894385,KA-06-0343
344,Phagwara North PS,6,12.992063,74.840672,KA-06-0344
345,Sirsa East PS,6,13.06006,74.802962,KA-06-0345
346,Ramgarh West PS,6,12.896029,74.846676,KA-06-0346
347,Yamunanagar West PS,6,12.846502,74.722852,KA-06-0347
348,Dakshina South PS,6,12.902623,74.717282,KA-06-0348
349,Silchar Cyber PS,6,12.787119,74.965275,KA-06-0349
350,Udupi Railway PS,7,13.369124,74.707445,KA-07-0350
351,Siliguri East PS,7,13.428445,74.860863,KA-07-0351
352,Aligarh North PS,7,13.362397,74.648572,KA-07-0352
353,Muzaffarnagar East PS,7,13.236158,74.610662,KA-07-0353
354,Kadapa Town PS,7,13.442113,74.886816,KA-07-0354
355,Dhanbad Town PS,7,13.242668,74.666423,KA-07-0355
356,Bhilai North PS,7,13.348121,74.775042,KA-07-0356
357,Guntur Cyber PS,7,13.275768,74.714731,KA-07-0357
358,Bettiah Cyber PS,7,13.20661,74.781366,KA-07-0358
359,Udupi Cyber PS,7,13.219252,74.795614,KA-07-0359
360,Udupi Women PS,7,13.44637,74.881423,KA-07-0360
361,Mango East PS,7,13.290909,74.766922,KA-07-0361
362,Motihari Rural PS,7,13.28397,74.788916,KA-07-0362
363,Kozhikode West PS,7,13.369412,74.873501,KA-07-0363
364,Hospet Women PS,7,13.383948,74.690643,KA-07-0364
365,Shahjahanpur Rural PS,7,13.439588,74.813732,KA-07-0365
366,Saharsa West PS,7,13.218936,74.793237,KA-07-0366
367,Mathura South PS,7,13.299679,74.646179,KA-07-0367
368,Gandhidham Traffic PS,7,13.420747,74.649702,KA-07-0368
369,Udupi Rural PS,7,13.279638,74.828536,KA-07-0369
370,Baranagar South PS,7,13.441436,74.857205,KA-07-0370
371,Darbhanga City PS,7,13.453818,74.777509,KA-07-0371
372,Imphal East PS,7,13.239574,74.841504,KA-07-0372
373,Durgapur Market PS,7,13.461697,74.808455,KA-07-0373
374,Ahmednagar City PS,7,13.393809,74.663359,KA-07-0374
375,Jamnagar North PS,7,13.416617,74.82724,KA-07-0375
376,Rajkot Traffic PS,7,13.28374,74.834687,KA-07-0376
377,Vellore North PS,7,13.249105,74.795592,KA-07-0377
378,Hosur East PS,7,13.329404,74.676632,KA-07-0378
379,Vijayanagaram Economic Offences PS,8,12.982798,75.994817,KA-08-0379
380,Tiruppur Traffic PS,8,12.89872,76.021201,KA-08-0380
381,Pali West PS,8,12.968564,76.226488,KA-08-0381
382,Ramgarh Central PS,8,13.11255,76.031719,KA-08-0382
383,Hassan Market PS,8,12.991996,76.100206,KA-08-0383
384,Morena Railway PS,8,13.141124,76.012811,KA-08-0384
385,Nagercoil North PS,8,13.136342,76.070669,KA-08-0385
386,Pali Economic Offences PS,8,12.927933,76.244558,KA-08-0386
387,Hassan Cyber PS,8,12.952805,75.975925,KA-08-0387
388,Siwan Central PS,8,13.094614,75.98748,KA-08-0388
389,Morbi Women PS,8,12.998936,76.195533,KA-08-0389
390,Darbhanga Market PS,8,12.99178,75.947775,KA-08-0390
391,Hassan Town PS,8,12.921896,75.991056,KA-08-0391
392,Shivpuri Central PS,8,12.984176,76.179052,KA-08-0392
393,Pali Traffic PS,8,12.871525,76.072148,KA-08-0393
394,Machilipatnam Market PS,8,12.876042,76.197206,KA-08-0394
395,Bhind North PS,8,12.862131,76.100813,KA-08-0395
396,Deoghar Traffic PS,8,12.944582,75.946669,KA-08-0396
397,Hassan Cyber PS,8,12.98217,76.145511,KA-08-0397
398,Singrauli Town PS,8,12.965381,76.232221,KA-08-0398
399,Gwalior South PS,8,13.153699,76.112446,KA-08-0399
400,Bhavnagar Economic Offences PS,8,12.87026,76.062264,KA-08-0400
401,Hassan Cyber PS,8,12.862073,76.182756,KA-08-0401
402,Hassan Cyber PS,8,13.054331,75.977299,KA-08-0402
403,South Dumdum East PS,8,12.956956,75.959501,KA-08-0403
404,Bhilwara South PS,8,13.050039,76.195315,KA-08-0404
405,Khammam West PS,8,13.065817,76.135721,KA-08-0405
406,Hassan Market PS,8,13.072014,76.229282,KA-08-0406
407,Hassan City PS,8,12.870342,76.006041,KA-08-0407
408,Malda City PS,8,12.950223,76.065667,KA-08-0408
409,Naihati Railway PS,8,12.933194,76.172187,KA-08-0409
410,Hassan Traffic PS,8,13.115842,75.960541,KA-08-0410
411,Alwar West PS,8,12.894543,76.056606,KA-08-0411
412,Nizamabad Economic Offences PS,8,13.125591,76.062193,KA-08-0412
413,Nandyal Rural PS,8,13.006457,76.223493,KA-08-0413
414,Hassan South PS,8,12.881983,76.07355,KA-08-0414
415,Panvel Economic Offences PS,8,13.103902,76.109842,KA-08-0415
416,Hassan Cyber PS,8,12.955576,76.034892,KA-08-0416
417,Etawah North PS,9,13.907735,75.625029,KA-09-0417
418,Coimbatore Cyber PS,9,13.997944,75.691582,KA-09-0418
419,Ludhiana East PS,9,13.862267,75.712108,KA-09-0419
420,Shivamogga City PS,9,13.971154,75.527093,KA-09-0420
421,Kollam Market PS,9,13.827896,75.427442,KA-09-0421
422,Jamnagar Railway PS,9,14.014294,75.42854,KA-09-0422
423,Shivamogga Town PS,9,13.973449,75.526745,KA-09-0423
424,Shivamogga East PS,9,13.825931,75.553077,KA-09-0424
425,Cuttack Cyber PS,9,14.008825,75.590277,KA-09-0425
426,Raipur South PS,9,13.874216,75.501707,KA-09-0426
427,Shivamogga Town PS,9,13.835714,75.573424,KA-09-0427
428,Shivamogga South PS,9,14.012389,75.629311,KA-09-0428
429,Kirari Suleman Nagar Traffic PS,9,13.865573,75.693044,KA-09-0429
430,Shivamogga North PS,9,13.820619,75.440316,KA-09-0430
431,Arrah Rural PS,9,13.913433,75.444437,KA-09-0431
432,Medininagar West PS,9,14.075872,75.618452,KA-09-0432
433,Shivamogga Central PS,9,13.942551,75.6855,KA-09-0433
434,Shivamogga Railway PS,9,13.992769,75.628166,KA-09-0434
435,Ujjain Rural PS,9,13.932527,75.454509,KA-09-0435
436,Moradabad Traffic PS,9,13.850921,75.566307,KA-09-0436
437,Bijapur Cyber PS,9,13.890573,75.659199,KA-09-0437
438,Shivamogga South PS,9,14.045174,75.437824,KA-09-0438
439,Sikar Economic Offences PS,9,13.995561,75.575809,KA-09-0439
440,Aurangabad Market PS,9,13.95237,75.455698,KA-09-0440
441,Kota Cyber PS,9,13.914892,75.622133,KA-09-0441
442,Shivamogga Cyber PS,9,14.028616,75.583491,KA-09-0442
443,Shivamogga East PS,9,14.069779,75.547885,KA-09-0443
444,Shivamogga Railway PS,9,13.817148,75.464005,KA-09-0444
445,Shivamogga Rural PS,9,14.060321,75.485741,KA-09-0445
446,Ghaziabad South PS,9,14.03368,75.493282,KA-09-0446
447,Buxar West PS,9,13.862235,75.605607,KA-09-0447
448,Sri Ganganagar East PS,9,13.930672,75.468691,KA-09-0448
449,Shivamogga East PS,9,13.97752,75.63429,KA-09-0449
450,Uluberia East PS,9,14.057079,75.430458,KA-09-0450
451,Shivamogga Railway PS,9,13.793539,75.610536,KA-09-0451
452,Shivamogga East PS,9,13.843143,75.589741,KA-09-0452
453,Guna East PS,10,13.340311,77.139149,KA-10-0453
454,Ahmedabad Women PS,10,13.281528,77.024463,KA-10-0454
455,Unnao Market PS,10,13.28013,76.972892,KA-10-0455
456,Tumakuru City PS,10,13.315587,77.090333,KA-10-0456
457,Bhiwani Cyber PS,10,13.284675,77.166509,KA-10-0457
458,Jaunpur Central PS,10,13.294511,77.070615,KA-10-0458
459,Raebareli Market PS,10,13.359395,77.046735,KA-10-0459
460,Tumakuru North PS,10,13.325779,76.993263,KA-10-0460
461,Tumakuru City PS,10,13.306145,77.135613,KA-10-0461
462,Nagaon Traffic PS,10,13.461593,77.195043,KA-10-0462
463,Tadepalligudem East PS,10,13.24785,76.998803,KA-10-0463
464,Kirari Suleman Nagar South PS,10,13.454623,77.100211,KA-10-0464
465,Guntakal Town PS,10,13.342533,77.241006,KA-10-0465
466,North Dumdum Traffic PS,10,13.205497,77.035407,KA-10-0466
467,Chandigarh East PS,10,13.387178,77.092176,KA-10-0467
468,Tumakuru South PS,10,13.223149,76.99118,KA-10-0468
469,Hospet Women PS,10,13.420057,77.060781,KA-10-0469
470,Tumakuru Economic Offences PS,10,13.359445,77.059757,KA-10-0470
471,Tumakuru Women PS,10,13.342177,77.180321,KA-10-0471
472,Madhyamgram Women PS,10,13.377872,77.134313,KA-10-0472
473,Naihati Rural PS,10,13.309071,77.189469,KA-10-0473
474,Shimla Cyber PS,10,13.300582,76.99428,KA-10-0474
475,South Dumdum East PS,10,13.340923,76.964591,KA-10-0475
476,Rajpur Sonarpur Rural PS,10,13.43209,77.1068,KA-10-0476
477,Rampur Rural PS,10,13.345552,77.04939,KA-10-0477
478,Parbhani East PS,10,13.308786,77.13595,KA-10-0478
479,Tumakuru Railway PS,10,13.291812,77.199487,KA-10-0479
480,Miryalaguda South PS,10,13.359777,77.093468,KA-10-0480
481,Hazaribagh City PS,10,13.393042,77.244969,KA-10-0481
482,Guwahati East PS,10,13.46053,77.21263,KA-10-0482
483,Tumakuru West PS,10,13.333277,77.241121,KA-10-0483
484,Vellore Market PS,10,13.364442,77.019263,KA-10-0484
485,Miryalaguda City PS,10,13.242054,77.139708,KA-10-0485
486,Fatehpur East PS,10,13.304957,77.197498,KA-10-0486
487,Tumakuru Traffic PS,10,13.475362,76.983969,KA-10-0487
488,Sultan Pur Majra City PS,10,13.316534,77.074888,KA-10-0488
489,Tiruchirappalli Traffic PS,10,13.423392,77.227156,KA-10-0489
490,Korba Railway PS,10,13.409121,77.162733,KA-10-0490
491,Tumakuru South PS,10,13.288415,77.149668,KA-10-0491
492,Latur South PS,10,13.477906,77.088899,KA-10-0492
493,Amaravati South PS,10,13.297186,77.182597,KA-10-0493
494,Bhalswa Jahangir Pur Central PS,10,13.431996,77.030309,KA-10-0494
495,Tumakuru North PS,10,13.264856,77.118426,KA-10-0495
496,Khandwa Traffic PS,10,13.485578,77.182352,KA-10-0496
497,Tumakuru Central PS,10,13.402396,77.046112,KA-10-0497
498,Nagercoil Cyber PS,10,13.471246,77.167499,KA-10-0498
499,Ballari Women PS,11,15.192387,76.885308,KA-11-0499
500,Gopalpur Economic Offences PS,11,15.275783,77.012785,KA-11-0500
501,Ballari Women PS,11,15.275994,76.795109,KA-11-0501
502,Chandrapur North PS,11,15.213602,76.835596,KA-11-0502
503,Jamshedpur Railway PS,11,15.269307,76.980251,KA-11-0503
504,Ballari Rural PS,11,15.211667,76.843185,KA-11-0504
505,Satna City PS,11,15.148712,76.962783,KA-11-0505
506,Ballari City PS,11,15.088488,76.913121,KA-11-0506
507,Jorhat West PS,11,14.990954,76.936506,KA-11-0507
508,Nellore Rural PS,11,15.26991,77.03492,KA-11-0508
509,Karawal Nagar North PS,11,15.216173,76.857574,KA-11-0509
510,Giridih Women PS,11,15.261781,76.798238,KA-11-0510
511,Ballari East PS,11,15.211006,77.0265,KA-11-0511
512,Salem City PS,11,15.041919,77.036073,KA-11-0512
513,Sagar Rural PS,11,15.000302,77.022261,KA-11-0513
514,Karimnagar Market PS,11,15.270383,77.060039,KA-11-0514
515,Barasat Women PS,11,14.99218,76.941789,KA-11-0515
516,Deoghar Town PS,11,15.089913,76.907705,KA-11-0516
517,Panipat West PS,11,15.137574,77.052968,KA-11-0517
518,Meerut Railway PS,11,15.071251,77.014044,KA-11-0518
519,Ballari Cyber PS,11,15.127074,76.848579,KA-11-0519
520,Ballari Rural PS,11,15.090534,76.859907,KA-11-0520
521,Cuttack West PS,11,15.042048,77.028244,KA-11-0521
522,Kota Economic Offences PS,11,15.143984,76.797421,KA-11-0522
523,Ballari West PS,11,15.283906,76.914636,KA-11-0523
524,Ballari Traffic PS,11,15.104472,76.905421,KA-11-0524
525,Chapra Women PS,11,15.079984,76.988265,KA-11-0525
526,Ballari City PS,11,15.097266,76.842291,KA-11-0526
527,Ballari West PS,11,15.081442,76.893025,KA-11-0527
528,Nandyal South PS,11,15.25574,77.002352,KA-11-0528
529,Ballari Central PS,11,15.264239,76.859911,KA-11-0529
530,Ballari East PS,11,15.276608,76.914855,KA-11-0530
531,Gandhidham North PS,11,15.171122,76.896154,KA-11-0531
532,Udaipur South PS,11,15.216605,77.011998,KA-11-0532
533,Ballari Railway PS,11,15.06364,76.997822,KA-11-0533
534,Nizamabad Railway PS,11,15.147052,76.929852,KA-11-0534
535,Ballari Cyber PS,11,15.158651,76.789927,KA-11-0535
536,Raipur South PS,11,15.050047,76.932398,KA-11-0536
537,Rewa Rural PS,11,15.145502,76.806272,KA-11-0537
538,Srinagar Traffic PS,11,15.136048,77.041067,KA-11-0538
539,Saharanpur North PS,11,15.12543,76.925374,KA-11-0539
540,Phusro North PS,11,15.157039,76.97323,KA-11-0540
541,Guwahati Women PS,11,15.108185,77.016336,KA-11-0541
542,Ballari Central PS,11,15.011309,76.898509,KA-11-0542
543,Ballari Central PS,11,15.287637,77.051775,KA-11-0543
544,Kochi Town PS,11,15.131021,76.857527,KA-11-0544
545,Medininagar Rural PS,11,15.219148,77.0649,KA-11-0545
546,Nagaon West PS,11,15.101738,77.0388,KA-11-0546
547,Hospet North PS,11,15.26143,76.884094,KA-11-0547
548,Bihar Sharif West PS,11,15.251766,76.811297,KA-11-0548
549,Farrukhabad Railway PS,11,15.042942,76.932578,KA-11-0549
550,Vijayapura South PS,12,16.973817,75.810446,KA-12-0550
551,Vijayapura Market PS,12,16.769709,75.76205,KA-12-0551
552,Phagwara South PS,12,16.793983,75.628899,KA-12-0552
553,Dhule North PS,12,16.762895,75.841223,KA-12-0553
554,Bilaspur Central PS,12,16.689865,75.758059,KA-12-0554
555,Sangli-Miraj & Kupwad East PS,12,16.945327,75.564694,KA-12-0555
556,Vijayapura Traffic PS,12,16.858383,75.693932,KA-12-0556
557,Malegaon West PS,12,16.694803,75.782162,KA-12-0557
558,Sangli-Miraj & Kupwad Economic Offences PS,12,16.842128,75.786316,KA-12-0558
559,Vijayapura Market PS,12,16.831369,75.646779,KA-12-0559
560,Alappuzha Railway PS,12,16.853033,75.733242,KA-12-0560
561,Hindupur Market PS,12,16.7764,75.650529,KA-12-0561
562,Jalna Rural PS,12,16.836575,75.684068,KA-12-0562
563,Vijayapura Women PS,12,16.964756,75.823914,KA-12-0563
564,Ahmednagar Rural PS,12,16.80836,75.708686,KA-12-0564
565,Ichalkaranji Cyber PS,12,16.881603,75.795741,KA-12-0565
566,Madurai Cyber PS,12,16.802678,75.649967,KA-12-0566
567,Bilaspur Rural PS,12,16.822256,75.814802,KA-12-0567
568,Khandwa Women PS,12,16.723506,75.698908,KA-12-0568
569,Tinsukia City PS,12,16.970536,75.727186,KA-12-0569
570,Jalgaon Rural PS,12,16.756699,75.659079,KA-12-0570
571,Ajmer Town PS,12,16.93434,75.587739,KA-12-0571
572,Allahabad Central PS,12,16.695661,75.67315,KA-12-0572
573,Aizawl East PS,12,16.942286,75.616449,KA-12-0573
574,Bahraich Market PS,12,16.881635,75.625105,KA-12-0574
575,Bhind Traffic PS,12,16.780089,75.847106,KA-12-0575
576,Vijayapura City PS,12,16.737207,75.782443,KA-12-0576
577,Sambhal Central PS,12,16.823876,75.632778,KA-12-0577
578,Orai East PS,12,16.79919,75.631799,KA-12-0578
579,Bahraich Cyber PS,12,16.794399,75.720095,KA-12-0579
580,Khora  Cyber PS,12,16.788093,75.824844,KA-12-0580
581,Vijayapura North PS,12,16.974596,75.700847,KA-12-0581
582,Bhiwani Railway PS,12,16.741138,75.653877,KA-12-0582
583,Mahbubnagar City PS,12,16.746582,75.603777,KA-12-0583
584,Indore Women PS,12,16.85541,75.776004,KA-12-0584
585,Vijayapura Women PS,12,16.77916,75.673952,KA-12-0585
586,Vijayapura Railway PS,12,16.845393,75.843039,KA-12-0586
587,Vijayapura Cyber PS,12,16.926678,75.849952,KA-12-0587
588,Berhampur West PS,12,16.818449,75.779832,KA-12-0588
589,Vijayapura Cyber PS,12,16.896294,75.706495,KA-12-0589
590,Agartala South PS,12,16.967371,75.717183,KA-12-0590
591,Akola Railway PS,12,16.963756,75.760465,KA-12-0591
592,Vijayapura Market PS,12,16.721447,75.74921,KA-12-0592
593,Kadapa Town PS,12,16.682942,75.71172,KA-12-0593
594,Raichur Cyber PS,13,16.248919,77.476471,KA-13-0594
595,Alwar North PS,13,16.06232,77.355964,KA-13-0595
596,Raichur Economic Offences PS,13,16.216425,77.278722,KA-13-0596
597,Raichur Women PS,13,16.301547,77.39851,KA-13-0597
598,Bhimavaram Market PS,13,16.11138,77.471715,KA-13-0598
599,Raichur South PS,13,16.11518,77.354237,KA-13-0599
600,Pallavaram Railway PS,13,16.296081,77.220006,KA-13-0600
601,Nandyal Economic Offences PS,13,16.130562,77.405471,KA-13-0601
602,Alappuzha Women PS,13,16.31196,77.392421,KA-13-0602
603,Pondicherry Railway PS,13,16.067105,77.317883,KA-13-0603
604,Nanded Economic Offences PS,13,16.074434,77.199135,KA-13-0604
605,Raichur Rural PS,13,16.311199,77.389772,KA-13-0605
606,Bulandshahr Cyber PS,13,16.314988,77.224909,KA-13-0606
607,Tumkur South PS,13,16.12653,77.466682,KA-13-0607
608,Jamalpur Central PS,13,16.20025,77.210269,KA-13-0608
609,Malda Town PS,13,16.141712,77.359209,KA-13-0609
610,Raichur West PS,13,16.33623,77.290645,KA-13-0610
611,Satna Traffic PS,13,16.283276,77.410113,KA-13-0611
612,North Dumdum Economic Offences PS,13,16.147383,77.365487,KA-13-0612
613,Sambhal East PS,13,16.174347,77.465258,KA-13-0613
614,Hosur Cyber PS,13,16.279524,77.433449,KA-13-0614
615,Haridwar Central PS,13,16.207838,77.488597,KA-13-0615
616,Raichur City PS,13,16.127243,77.219105,KA-13-0616
617,Maheshtala East PS,13,16.344058,77.315311,KA-13-0617
618,Panchkula Market PS,13,16.247837,77.431364,KA-13-0618
619,Faridabad North PS,13,16.164343,77.478643,KA-13-0619
620,Raichur Economic Offences PS,13,16.233363,77.310322,KA-13-0620
621,Shimoga Market PS,13,16.297017,77.410233,KA-13-0621
622,Raichur Town PS,13,16.1716,77.431467,KA-13-0622
623,Tumkur Rural PS,13,16.152603,77.228265,KA-13-0623
624,Shivpuri City PS,13,16.191021,77.424704,KA-13-0624
625,Raichur Town PS,13,16.113818,77.330953,KA-13-0625
626,Bhopal South PS,13,16.088588,77.223186,KA-13-0626
627,Raichur South PS,13,16.237013,77.293629,KA-13-0627
628,Raichur Economic Offences PS,13,16.181743,77.430051,KA-13-0628
629,Kozhikode Central PS,13,16.329162,77.489752,KA-13-0629
630,Suryapet East PS,13,16.263195,77.247151,KA-13-0630
631,Suryapet Women PS,13,16.205537,77.21528,KA-13-0631
632,Raichur Economic Offences PS,13,16.147526,77.4311,KA-13-0632
633,Raichur Cyber PS,13,16.131577,77.38381,KA-13-0633
634,Tiruchirappalli East PS,13,16.194958,77.236947,KA-13-0634
635,Raipur City PS,13,16.157265,77.382358,KA-13-0635
636,Kochi Market PS,13,16.189667,77.325485,KA-13-0636
637,Panchkula Railway PS,14,15.601168,74.898637,KA-14-0637
638,Danapur Cyber PS,14,15.517488,75.001503,KA-14-0638
639,Vijayanagaram Rural PS,14,15.599518,74.945234,KA-14-0639
640,Chittoor Central PS,14,15.599229,75.092392,KA-14-0640
641,Sirsa Cyber PS,14,15.553848,74.975681,KA-14-0641
642,Yamunanagar Town PS,14,15.36884,75.156979,KA-14-0642
643,Khora  Rural PS,14,15.47393,75.143701,KA-14-0643
644,Coimbatore North PS,14,15.371795,75.097106,KA-14-0644
645,Vijayanagaram Railway PS,14,15.55459,75.096497,KA-14-0645
646,Guna Economic Offences PS,14,15.350654,74.94865,KA-14-0646
647,Delhi Women PS,14,15.523471,75.094523,KA-14-0647
648,Bihar Sharif Town PS,14,15.48828,75.032473,KA-14-0648
649,Jalgaon South PS,14,15.585018,75.065313,KA-14-0649
650,Dharwad South PS,14,15.599428,75.06829,KA-14-0650
651,Siwan Market PS,14,15.500354,74.883295,KA-14-0651
652,Dharwad Market PS,14,15.508308,74.907702,KA-14-0652
653,Dharwad East PS,14,15.603982,75.061042,KA-14-0653
654,Hapur Economic Offences PS,14,15.408379,75.096669,KA-14-0654
655,Dharwad Town PS,14,15.386522,75.011003,KA-14-0655
656,Suryapet South PS,14,15.515199,74.92411,KA-14-0656
657,Sirsa Cyber PS,14,15.540603,75.034377,KA-14-0657
658,Dharwad South PS,14,15.608211,75.002631,KA-14-0658
659,Maheshtala Women PS,14,15.597418,74.892621,KA-14-0659
660,Dharwad Central PS,14,15.402467,74.9944,KA-14-0660
661,Aurangabad Traffic PS,14,15.41339,74.887087,KA-14-0661
662,Muzaffarpur Central PS,14,15.404573,74.947879,KA-14-0662
663,Varanasi Market PS,14,15.315676,74.960723,KA-14-0663
664,Bhalswa Jahangir Pur Town PS,14,15.358206,75.15297,KA-14-0664
665,Kharagpur Traffic PS,14,15.474473,74.957097,KA-14-0665
666,Shimla Economic Offences PS,14,15.378457,74.979314,KA-14-0666
667,Dharwad Rural PS,14,15.506092,74.976475,KA-14-0667
668,Cuttack Central PS,14,15.368097,75.035461,KA-14-0668
669,Dharwad Economic Offences PS,14,15.373339,74.941303,KA-14-0669
670,Salem Central PS,14,15.327669,74.888326,KA-14-0670
671,Salem Railway PS,14,15.418638,74.916922,KA-14-0671
672,Dharwad Town PS,14,15.567691,75.016115,KA-14-0672
673,Kanpur West PS,14,15.425492,74.975563,KA-14-0673
674,Alappuzha Town PS,14,15.562555,75.043009,KA-14-0674
675,Aurangabad Railway PS,14,15.549084,75.133405,KA-14-0675
676,Dharwad East PS,14,15.349084,74.893158,KA-14-0676
677,Dharwad Women PS,14,15.420892,74.900208,KA-14-0677
678,Bilaspur Economic Offences PS,14,15.35026,74.972913,KA-14-0678
679,Sikar Rural PS,14,15.470114,75.133548,KA-14-0679
680,Ozhukarai Rural PS,14,15.455793,74.899889,KA-14-0680
681,Ratlam Cyber PS,14,15.494723,75.117457,KA-14-0681
682,Hosur City PS,15,15.325239,75.581883,KA-15-0682
683,Tadipatri South PS,15,15.415191,75.672109,KA-15-0683
684,Noida Economic Offences PS,15,15.399856,75.516876,KA-15-0684
685,Gadag East PS,15,15.495017,75.554327,KA-15-0685
686,Gadag Women PS,15,15.353301,75.700922,KA-15-0686
687,Ambattur East PS,15,15.496476,75.631618,KA-15-0687
688,Raebareli Town PS,15,15.347067,75.629632,KA-15-0688
689,Salem Cyber PS,15,15.493736,75.694701,KA-15-0689
690,Rourkela North PS,15,15.563633,75.497425,KA-15-0690
691,Bhopal Railway PS,15,15.340959,75.729143,KA-15-0691
692,Anantapur City PS,15,15.371273,75.711719,KA-15-0692
693,Durg North PS,15,15.301916,75.710267,KA-15-0693
694,Dindigul Traffic PS,15,15.443077,75.571889,KA-15-0694
695,Ulhasnagar Central PS,15,15.39515,75.651545,KA-15-0695
696,Gadag Market PS,15,15.328783,75.484507,KA-15-0696
697,Bettiah Cyber PS,15,15.445757,75.517213,KA-15-0697
698,Gadag Central PS,15,15.438521,75.752419,KA-15-0698
699,Buxar South PS,15,15.47049,75.495268,KA-15-0699
700,Tirunelveli Market PS,15,15.542331,75.764446,KA-15-0700
701,Vijayawada Railway PS,15,15.477128,75.506507,KA-15-0701
702,Udupi Rural PS,15,15.515245,75.695142,KA-15-0702
703,Mehsana West PS,16,14.687751,75.438721,KA-16-0703
704,Ahmednagar West PS,16,14.780698,75.439088,KA-16-0704
705,Haveri Market PS,16,14.799784,75.332468,KA-16-0705
706,Rohtak Cyber PS,16,14.791513,75.423587,KA-16-0706
707,Rohtak Railway PS,16,14.864917,75.46828,KA-16-0707
708,Kirari Suleman Nagar North PS,16,14.854287,75.504032,KA-16-0708
709,Bongaigaon Market PS,16,14.710449,75.377893,KA-16-0709
710,Srinagar Traffic PS,16,14.74196,75.334078,KA-16-0710
711,Hapur South PS,16,14.814943,75.394601,KA-16-0711
712,Khandwa Cyber PS,16,14.873776,75.262783,KA-16-0712
713,Sirsa West PS,16,14.782975,75.286271,KA-16-0713
714,Haveri Railway PS,16,14.782055,75.546551,KA-16-0714
715,Haveri Economic Offences PS,16,14.851678,75.288574,KA-16-0715
716,Davanagere West PS,16,14.907427,75.511979,KA-16-0716
717,Karawal Nagar Town PS,16,14.720217,75.360553,KA-16-0717
718,Haveri West PS,16,14.764002,75.340653,KA-16-0718
719,Patiala Central PS,16,14.773869,75.27636,KA-16-0719
720,Haveri Town PS,16,14.788142,75.28881,KA-16-0720
721,Aurangabad Traffic PS,16,14.77862,75.251419,KA-16-0721
722,Ramgarh Cyber PS,16,14.941546,75.375694,KA-16-0722
723,Sagar Rural PS,16,14.713784,75.275799,KA-16-0723
724,Haveri Market PS,16,14.739105,75.513297,KA-16-0724
725,Tenali Rural PS,16,14.88911,75.511349,KA-16-0725
726,Bangalore West PS,16,14.687956,75.408152,KA-16-0726
727,Medininagar City PS,16,14.694335,75.354356,KA-16-0727
728,Baranagar Traffic PS,16,14.690512,75.372513,KA-16-0728
729,Medininagar West PS,16,14.710273,75.517978,KA-16-0729
730,Muzaffarnagar Rural PS,16,14.821972,75.36421,KA-16-0730
731,Udupi Economic Offences PS,16,14.687049,75.33209,KA-16-0731
732,Haveri Town PS,16,14.8254,75.465354,KA-16-0732
733,Durgapur Women PS,16,14.852243,75.503368,KA-16-0733
734,Thane West PS,16,14.706734,75.431078,KA-16-0734
735,Gandhidham Traffic PS,17,14.161263,76.264371,KA-17-0735
736,Adoni Market PS,17,14.221066,76.281823,KA-17-0736
737,Mira-Bhayandar North PS,17,14.093904,76.514617,KA-17-0737
738,Sagar City PS,17,14.352777,76.287595,KA-17-0738
739,Vijayanagaram Railway PS,17,14.198859,76.411907,KA-17-0739
740,Kollam Rural PS,17,14.358936,76.47911,KA-17-0740
741,Panvel City PS,17,14.076738,76.312723,KA-17-0741
742,Bettiah City PS,17,14.191993,76.333946,KA-17-0742
743,Dehradun Central PS,17,14.19723,76.458543,KA-17-0743
744,Ongole Town PS,17,14.233897,76.293804,KA-17-0744
745,Sonipat Town PS,17,14.225991,76.308959,KA-17-0745
746,Chitradurga Market PS,17,14.170625,76.423931,KA-17-0746
747,Bhind Market PS,17,14.276917,76.267835,KA-17-0747
748,Ajmer Central PS,17,14.358628,76.319591,KA-17-0748
749,Chitradurga Traffic PS,17,14.202945,76.384012,KA-17-0749
750,Chitradurga East PS,17,14.272424,76.445416,KA-17-0750
751,Chitradurga Rural PS,17,14.28497,76.45845,KA-17-0751
752,Sikar Rural PS,17,14.176612,76.403167,KA-17-0752
753,Mysore Railway PS,17,14.122689,76.286079,KA-17-0753
754,Kanpur Market PS,17,14.292481,76.283417,KA-17-0754
755,Jorhat City PS,17,14.201397,76.405156,KA-17-0755
756,Malda Women PS,17,14.245596,76.271121,KA-17-0756
757,Firozabad North PS,17,14.089232,76.505808,KA-17-0757
758,Serampore Rural PS,17,14.149135,76.278871,KA-17-0758
759,Muzaffarpur East PS,17,14.1072,76.470234,KA-17-0759
760,Chitradurga City PS,17,14.331479,76.321365,KA-17-0760
761,Nagpur North PS,17,14.348668,76.301688,KA-17-0761
762,Chitradurga Railway PS,17,14.313535,76.462206,KA-17-0762
763,Phagwara West PS,17,14.169141,76.372877,KA-17-0763
764,Rajkot Central PS,17,14.320399,76.419461,KA-17-0764
765,Barasat Town PS,17,14.343182,76.301803,KA-17-0765
766,Bhiwandi Market PS,17,14.086379,76.368277,KA-17-0766
767,Ranchi North PS,17,14.304658,76.341209,KA-17-0767
768,Avadi Town PS,17,14.074991,76.308201,KA-17-0768
769,Bhiwandi East PS,18,13.387973,75.694775,KA-18-0769
770,Noida Cyber PS,18,13.314108,75.853784,KA-18-0770
771,Munger Traffic PS,18,13.330068,75.860792,KA-18-0771
772,Chikkamagaluru Rural PS,18,13.289111,75.691899,KA-18-0772
773,Uluberia Cyber PS,18,13.374138,75.624878,KA-18-0773
774,Chikkamagaluru Cyber PS,18,13.363291,75.876702,KA-18-0774
775,Dharmavaram Central PS,18,13.227658,75.916935,KA-18-0775
776,Vijayanagaram Economic Offences PS,18,13.184069,75.921088,KA-18-0776
777,Chikkamagaluru Central PS,18,13.17927,75.691442,KA-18-0777
778,Unnao Railway PS,18,13.376354,75.733748,KA-18-0778
779,Chikkamagaluru Central PS,18,13.194773,75.662054,KA-18-0779
780,Parbhani Railway PS,18,13.343669,75.640685,KA-18-0780
781,Uluberia West PS,18,13.237132,75.700297,KA-18-0781
782,Raiganj Cyber PS,18,13.283986,75.87157,KA-18-0782
783,Noida Cyber PS,18,13.247687,75.644406,KA-18-0783
784,Chikkamagaluru Traffic PS,18,13.397144,75.654692,KA-18-0784
785,Kodagu Town PS,19,12.414217,75.710154,KA-19-0785
786,Navi Mumbai South PS,19,12.505501,75.723775,KA-19-0786
787,Kodagu North PS,19,12.310374,75.635485,KA-19-0787
788,Tinsukia West PS,19,12.485811,75.769191,KA-19-0788
789,Ghaziabad Traffic PS,19,12.372738,75.615564,KA-19-0789
790,Bally Traffic PS,19,12.393273,75.602885,KA-19-0790
791,Kodagu Women PS,19,12.571603,75.597525,KA-19-0791
792,Bhilai Economic Offences PS,19,12.441186,75.753236,KA-19-0792
793,Mysore Town PS,19,12.515569,75.630138,KA-19-0793
794,Kodagu City PS,19,12.508688,75.654886,KA-19-0794
795,Kavali Traffic PS,19,12.386072,75.777289,KA-19-0795
796,Kodagu West PS,19,12.450236,75.863429,KA-19-0796
797,Kodagu Town PS,19,12.293742,75.858949,KA-19-0797
798,Dhanbad North PS,19,12.301994,75.842383,KA-19-0798
799,Latur Market PS,19,12.287209,75.726498,KA-19-0799
800,Buxar Rural PS,19,12.404347,75.805529,KA-19-0800
801,Kodagu North PS,19,12.479364,75.640042,KA-19-0801
802,Coimbatore Traffic PS,20,12.454295,76.878903,KA-20-0802
803,Mandya Rural PS,20,12.557553,76.818835,KA-20-0803
804,Dharmavaram Women PS,20,12.636634,76.888809,KA-20-0804
805,Mandya Town PS,20,12.412971,76.804937,KA-20-0805
806,Muzaffarpur Market PS,20,12.561026,76.98575,KA-20-0806
807,Mandya Market PS,20,12.486549,76.959111,KA-20-0807
808,Siliguri North PS,20,12.517204,77.018903,KA-20-0808
809,Bally South PS,20,12.452931,76.752919,KA-20-0809
810,Mandya East PS,20,12.640529,76.978661,KA-20-0810
811,Bikaner City PS,20,12.513305,76.85233,KA-20-0811
812,Akola East PS,20,12.663994,76.77514,KA-20-0812
813,Mandya West PS,20,12.531907,76.982471,KA-20-0813
814,Mandya Central PS,20,12.670718,76.810923,KA-20-0814
815,Indore Railway PS,20,12.488327,77.025662,KA-20-0815
816,Mandya Railway PS,20,12.442765,76.840501,KA-20-0816
817,Kanpur Central PS,20,12.645994,76.753562,KA-20-0817
818,Patiala Central PS,20,12.542095,76.787731,KA-20-0818
819,Pune Traffic PS,20,12.61492,77.036216,KA-20-0819
820,Bilaspur South PS,20,12.518931,76.772177,KA-20-0820
821,Cuttack Traffic PS,20,12.377778,76.888497,KA-20-0821
822,Hajipur Cyber PS,20,12.432239,76.784247,KA-20-0822
823,Mandya Central PS,20,12.612527,77.005565,KA-20-0823
824,Mandya City PS,20,12.547783,77.020267,KA-20-0824
825,Mandya Market PS,20,12.529688,76.854567,KA-20-0825
826,Rajkot Town PS,20,12.654377,76.863779,KA-20-0826
827,Sultan Pur Majra Town PS,20,12.468581,77.037858,KA-20-0827
828,Anand Central PS,20,12.609353,77.033299,KA-20-0828
829,Bidhannagar West PS,20,12.583955,76.913693,KA-20-0829
830,Srikakulam East PS,20,12.438771,76.921785,KA-20-0830
831,Saharsa Rural PS,20,12.591998,76.833455,KA-20-0831
832,Berhampore Rural PS,20,12.656436,77.029709,KA-20-0832
833,Ghaziabad Economic Offences PS,20,12.603049,76.915345,KA-20-0833
834,Rewa Rural PS,20,12.648111,77.03536,KA-20-0834
835,Moradabad Traffic PS,20,12.403033,76.893956,KA-20-0835
836,Raiganj Cyber PS,20,12.443199,77.039814,KA-20-0836
837,Jodhpur Rural PS,20,12.660724,76.991599,KA-20-0837
838,Narasaraopet West PS,20,12.637796,76.879089,KA-20-0838
839,Mandya Women PS,20,12.579753,76.850244,KA-20-0839
840,Mandya Market PS,20,12.372184,76.860881,KA-20-0840
841,Amritsar Central PS,20,12.421702,76.869306,KA-20-0841
842,Panipat Economic Offences PS,20,12.484404,76.993742,KA-20-0842
843,Eluru Market PS,20,12.567091,76.951248,KA-20-0843
844,Malda Rural PS,20,12.611558,76.755124,KA-20-0844
845,Navi Mumbai City PS,20,12.657299,76.76736,KA-20-0845
846,Suryapet Rural PS,21,13.034271,78.001701,KA-21-0846
847,Chinsurah Town PS,21,13.281583,78.247168,KA-21-0847
848,Kolar Central PS,21,13.268733,78.028699,KA-21-0848
849,Kolar Economic Offences PS,21,13.016377,78.040865,KA-21-0849
850,Ambattur Traffic PS,21,13.152234,78.256872,KA-21-0850
851,Kolar South PS,21,13.070457,78.050464,KA-21-0851
852,Sonipat City PS,21,13.150899,78.126484,KA-21-0852
853,Silchar City PS,21,13.114282,78.067565,KA-21-0853
854,Bareilly West PS,21,13.130099,78.008296,KA-21-0854
855,Kolar Traffic PS,21,13.073543,78.003781,KA-21-0855
856,Kolar Railway PS,21,13.221463,78.120483,KA-21-0856
857,Kolar West PS,21,13.17856,78.095458,KA-21-0857
858,Purnia Cyber PS,21,13.09682,78.112933,KA-21-0858
859,Rohtak Women PS,21,13.06502,78.230324,KA-21-0859
860,Kolar East PS,21,13.211671,78.179441,KA-21-0860
861,Jamnagar Town PS,21,13.228454,78.103396,KA-21-0861
862,Jabalpur Market PS,21,13.152081,78.231439,KA-21-0862
863,Guwahati Railway PS,21,13.275688,78.18532,KA-21-0863
864,Bhiwani North PS,21,13.056693,78.068856,KA-21-0864
865,Serampore Economic Offences PS,21,13.200292,78.12983,KA-21-0865
866,Miryalaguda South PS,21,13.18926,78.165282,KA-21-0866
867,Dharmavaram Town PS,21,13.120712,78.263918,KA-21-0867
868,Bhilai Rural PS,21,13.228538,78.017056,KA-21-0868
869,Kolar Economic Offences PS,21,13.190938,78.039776,KA-21-0869
870,Raichur Railway PS,21,13.236232,78.056566,KA-21-0870
871,Faridabad Central PS,21,13.006104,78.09563,KA-21-0871
872,Ghaziabad Economic Offences PS,21,13.242987,78.135106,KA-21-0872
873,Chikkaballapur Railway PS,22,13.495624,77.757773,KA-22-0873
874,Nagercoil Market PS,22,13.409833,77.62596,KA-22-0874
875,Gangtok East PS,22,13.574949,77.611561,KA-22-0875
876,Bhatpara Town PS,22,13.315797,77.667328,KA-22-0876
877,Rajahmundry South PS,22,13.548868,77.660741,KA-22-0877
878,Etawah West PS,22,13.468189,77.59274,KA-22-0878
879,Raipur Women PS,22,13.470973,77.785744,KA-22-0879
880,Chikkaballapur Economic Offences PS,22,13.552372,77.680948,KA-22-0880
881,Chikkaballapur Traffic PS,22,13.428065,77.662075,KA-22-0881
882,Chikkaballapur Cyber PS,22,13.530716,77.672416,KA-22-0882
883,Chapra Women PS,22,13.54297,77.786956,KA-22-0883
884,Chikkaballapur Railway PS,22,13.375644,77.804617,KA-22-0884
885,Haldia Market PS,22,13.366326,77.706532,KA-22-0885
886,Chikkaballapur West PS,22,13.418015,77.85553,KA-22-0886
887,Narasaraopet Economic Offences PS,22,13.513348,77.841657,KA-22-0887
888,Chikkaballapur Railway PS,22,13.522947,77.601185,KA-22-0888
889,Bhopal Central PS,22,13.326195,77.836889,KA-22-0889
890,Chikkaballapur East PS,22,13.343329,77.831379,KA-22-0890
891,Ramanagara Railway PS,23,12.583421,77.145868,KA-23-0891
892,Darbhanga Cyber PS,23,12.655693,77.377752,KA-23-0892
893,Sonipat South PS,23,12.850422,77.335052,KA-23-0893
894,Chennai Traffic PS,23,12.751713,77.183975,KA-23-0894
895,Asansol Railway PS,23,12.7389,77.233975,KA-23-0895
896,Coimbatore Railway PS,23,12.798188,77.337355,KA-23-0896
897,Ramanagara Women PS,23,12.588395,77.386846,KA-23-0897
898,Ludhiana Market PS,23,12.830633,77.324914,KA-23-0898
899,Ramanagara West PS,23,12.768976,77.284684,KA-23-0899
900,Bettiah Railway PS,23,12.803772,77.133369,KA-23-0900
901,Gandhinagar Rural PS,23,12.753843,77.133239,KA-23-0901
902,Malda Women PS,23,12.856401,77.344522,KA-23-0902
903,Sangli-Miraj & Kupwad Central PS,23,12.700642,77.243643,KA-23-0903
904,Bijapur Cyber PS,23,12.638963,77.221344,KA-23-0904
905,Tezpur South PS,23,12.692646,77.161394,KA-23-0905
906,Faridabad South PS,23,12.863446,77.382514,KA-23-0906
907,Sangli-Miraj & Kupwad South PS,23,12.756215,77.220243,KA-23-0907
908,Jodhpur Town PS,23,12.674385,77.213645,KA-23-0908
909,Mango Cyber PS,23,12.651844,77.344028,KA-23-0909
910,Ramanagara West PS,23,12.618479,77.360342,KA-23-0910
911,Shivpuri City PS,23,12.814209,77.31071,KA-23-0911
912,Vijayanagaram West PS,23,12.615479,77.138337,KA-23-0912
913,Thrissur North PS,23,12.651328,77.25627,KA-23-0913
914,Hapur Economic Offences PS,23,12.748407,77.429126,KA-23-0914
915,Yadgir Railway PS,24,16.838365,77.054309,KA-24-0915
916,Bhubaneswar South PS,24,16.763121,77.2698,KA-24-0916
917,Guntakal Cyber PS,24,16.874026,77.239792,KA-24-0917
918,Yadgir South PS,24,16.649681,77.025983,KA-24-0918
919,Hajipur Women PS,24,16.788109,77.261387,KA-24-0919
920,Ranchi West PS,24,16.81673,77.054276,KA-24-0920
921,Tenali Traffic PS,24,16.712526,77.224027,KA-24-0921
922,Chennai Cyber PS,24,16.796071,77.126728,KA-24-0922
923,Barasat Town PS,24,16.880318,77.162672,KA-24-0923
924,Yadgir East PS,24,16.887228,77.137743,KA-24-0924
925,Durgapur Railway PS,24,16.779352,77.111532,KA-24-0925
926,Ramagundam Railway PS,24,16.66161,77.047689,KA-24-0926
927,Jamshedpur Economic Offences PS,24,16.888254,77.283595,KA-24-0927
928,Mehsana Rural PS,24,16.835101,77.221282,KA-24-0928
929,Akola North PS,24,16.916392,77.081624,KA-24-0929
930,Yadgir City PS,24,16.702458,77.215958,KA-24-0930
931,Nadiad Rural PS,24,16.667931,77.223163,KA-24-0931
932,Yadgir Market PS,24,16.804744,77.177646,KA-24-0932
933,Orai Economic Offences PS,24,16.76362,76.989001,KA-24-0933
934,Yadgir South PS,24,16.73233,76.991823,KA-24-0934
935,Madurai Cyber PS,24,16.77971,76.992975,KA-24-0935
936,Kalyan-Dombivli City PS,24,16.695047,77.195657,KA-24-0936
937,Surat Cyber PS,25,17.794112,77.531001,KA-25-0937
938,Bidar Women PS,25,18.010453,77.469461,KA-25-0938
939,Solapur Women PS,25,17.919387,77.537235,KA-25-0939
940,Ramgarh Economic Offences PS,25,18.061942,77.48282,KA-25-0940
941,Chapra North PS,25,17.819828,77.664425,KA-25-0941
942,Erode Market PS,25,17.831825,77.598151,KA-25-0942
943,Bidar Rural PS,25,17.769874,77.53139,KA-25-0943
944,Raipur Town PS,25,17.958462,77.391209,KA-25-0944
945,Bidar West PS,25,17.92372,77.394576,KA-25-0945
946,Jaipur City PS,25,17.95937,77.385923,KA-25-0946
947,Bidar Central PS,25,17.896594,77.417079,KA-25-0947
948,Tirunelveli Women PS,25,17.809238,77.588558,KA-25-0948
949,Bidar West PS,25,17.889561,77.410294,KA-25-0949
950,Bidar South PS,25,17.94499,77.421149,KA-25-0950
951,Mirzapur Railway PS,25,17.916775,77.565309,KA-25-0951
952,Bidar Women PS,25,17.795179,77.439594,KA-25-0952
953,Junagadh Traffic PS,25,18.01275,77.671936,KA-25-0953
954,Latur Cyber PS,25,17.851905,77.391822,KA-25-0954
955,Giridih North PS,25,17.969761,77.524199,KA-25-0955
956,Bidar Traffic PS,25,17.96479,77.652064,KA-25-0956
957,Loni Railway PS,25,17.911531,77.664834,KA-25-0957
958,Tenali Market PS,25,17.980369,77.410387,KA-25-0958
959,Sonipat Women PS,25,17.900325,77.673187,KA-25-0959
960,Thoothukudi Women PS,25,17.793243,77.432411,KA-25-0960
961,Solapur City PS,25,17.871364,77.58303,KA-25-0961
962,Bettiah Economic Offences PS,25,17.7918,77.607461,KA-25-0962
963,Bidar City PS,25,17.804818,77.57416,KA-25-0963
964,Karnal Cyber PS,25,17.894614,77.566542,KA-25-0964
965,Bidar Central PS,25,18.007789,77.434861,KA-25-0965
966,Siliguri Economic Offences PS,25,17.900262,77.630713,KA-25-0966
967,Kota Central PS,25,18.00327,77.574654,KA-25-0967
968,Bidar Market PS,25,17.803053,77.597923,KA-25-0968
969,Bidar Railway PS,25,17.888108,77.557225,KA-25-0969
970,Bardhaman Market PS,26,15.331449,76.183397,KA-26-0970
971,Malegaon Market PS,26,15.208645,76.205339,KA-26-0971
972,Aurangabad Railway PS,26,15.467529,76.144924,KA-26-0972
973,Koppal North PS,26,15.323385,76.013792,KA-26-0973
974,Kumbakonam Women PS,26,15.203708,76.2605,KA-26-0974
975,Phusro South PS,26,15.372995,76.169504,KA-26-0975
976,Buxar West PS,26,15.35573,76.206472,KA-26-0976
977,Koppal East PS,26,15.398514,76.074573,KA-26-0977
978,Satna Cyber PS,26,15.392421,76.044596,KA-26-0978
979,Gandhidham Railway PS,26,15.496337,76.01637,KA-26-0979
980,Nandyal West PS,26,15.35167,76.140787,KA-26-0980
981,Avadi North PS,26,15.22246,76.147494,KA-26-0981
982,Gudivada Traffic PS,26,15.283447,76.152079,KA-26-0982
983,Nagercoil South PS,26,15.320983,76.0705,KA-26-0983
984,Tirupati North PS,26,15.37191,76.026406,KA-26-0984
985,Bidhannagar North PS,26,15.235612,76.149212,KA-26-0985
986,Koppal West PS,26,15.321032,76.01075,KA-26-0986
987,Koppal South PS,26,15.227269,76.181261,KA-26-0987
988,Howrah East PS,26,15.467033,76.1687,KA-26-0988
989,Baranagar West PS,27,16.321507,75.655003,KA-27-0989
990,Mysore City PS,27,16.289695,75.645592,KA-27-0990
991,Surendranagar Dudhrej Market PS,27,16.17834,75.74315,KA-27-0991
992,Hospet Central PS,27,16.065631,75.743673,KA-27-0992
993,Pondicherry City PS,27,16.285365,75.83533,KA-27-0993
994,Orai Women PS,27,16.148567,75.577897,KA-27-0994
995,Ghaziabad Rural PS,27,16.282952,75.768753,KA-27-0995
996,Bagalkot Economic Offences PS,27,16.219656,75.602263,KA-27-0996
997,Kota Railway PS,27,16.173514,75.780426,KA-27-0997
998,Guwahati Central PS,27,16.263545,75.55995,KA-27-0998
999,Thane West PS,27,16.213043,75.777644,KA-27-0999
1000,Bahraich North PS,27,16.213195,75.697259,KA-27-1000
1001,Bagalkot North PS,27,16.257264,75.711968,KA-27-1001
1002,Loni Economic Offences PS,27,16.18128,75.6985,KA-27-1002
1003,Bharatpur Rural PS,27,16.088495,75.790573,KA-27-1003
1004,Ichalkaranji Town PS,27,16.216564,75.810809,KA-27-1004
1005,Alappuzha South PS,27,16.161999,75.728698,KA-27-1005
1006,Khora  Central PS,27,16.118479,75.835078,KA-27-1006
1007,Thanjavur Women PS,27,16.076412,75.669824,KA-27-1007
1008,Ozhukarai Central PS,27,16.190088,75.798922,KA-27-1008
1009,Proddatur South PS,27,16.249962,75.826654,KA-27-1009
1010,Bagalkot West PS,27,16.099314,75.760315,KA-27-1010
1011,Anantapuram West PS,27,16.238112,75.840401,KA-27-1011
1012,Madanapalle West PS,27,16.089744,75.708747,KA-27-1012
1013,Thoothukudi West PS,27,16.071022,75.651671,KA-27-1013
1014,Ballia North PS,27,16.319202,75.759037,KA-27-1014
1015,Etawah West PS,27,16.288817,75.631778,KA-27-1015
1016,Katni Railway PS,27,16.040231,75.577941,KA-27-1016
1017,Bagalkot Economic Offences PS,27,16.237476,75.605971,KA-27-1017
1018,Hindupur Market PS,27,16.33146,75.751017,KA-27-1018
1019,Tirupati Rural PS,27,16.243578,75.634542,KA-27-1019
1020,Ozhukarai Market PS,27,16.144005,75.681778,KA-27-1020
1021,Hajipur East PS,27,16.258248,75.805452,KA-27-1021
1022,Bhusawal Central PS,27,16.153066,75.699277,KA-27-1022
1023,Surat Market PS,27,16.122692,75.745348,KA-27-1023
1024,Tirupati Economic Offences PS,27,16.323411,75.838747,KA-27-1024
1025,Kakinada Cyber PS,27,16.052541,75.769101,KA-27-1025
1026,Shivpuri Traffic PS,27,16.270677,75.807035,KA-27-1026
1027,Bagalkot Railway PS,27,16.226537,75.758864,KA-27-1027
1028,Kamarhati Cyber PS,27,16.200385,75.727016,KA-27-1028
1029,Bhatpara Market PS,27,16.094449,75.680644,KA-27-1029
1030,Bagalkot West PS,27,16.325143,75.766524,KA-27-1030
1031,Sagar Town PS,27,16.164952,75.71298,KA-27-1031
1032,Bagalkot Rural PS,27,16.290204,75.547694,KA-27-1032
1033,Guna North PS,27,16.082842,75.592111,KA-27-1033
1034,Naihati Cyber PS,27,16.268498,75.73361,KA-27-1034
1035,Kavali Railway PS,27,16.183565,75.717803,KA-27-1035
1036,Bagalkot Cyber PS,27,16.248704,75.703619,KA-27-1036
1037,Jamnagar Rural PS,27,16.272277,75.593811,KA-27-1037
1038,Bokaro South PS,27,16.063984,75.612359,KA-27-1038
1039,Bahraich Traffic PS,27,16.13572,75.634072,KA-27-1039
1040,Bulandshahr Market PS,27,16.178857,75.7144,KA-27-1040
1041,Patiala Market PS,27,16.039041,75.746682,KA-27-1041
1042,Bagalkot North PS,27,16.229079,75.821582,KA-27-1042
1043,Phagwara Traffic PS,28,14.848365,74.633181,KA-28-1043
1044,Sultan Pur Majra Market PS,28,14.759363,74.698971,KA-28-1044
1045,Uttara Women PS,28,14.79866,74.768048,KA-28-1045
1046,Deoghar South PS,28,14.777267,74.550055,KA-28-1046
1047,Uttara West PS,28,14.797768,74.821364,KA-28-1047
1048,Tirupati Rural PS,28,14.875596,74.696862,KA-28-1048
1049,Uttara West PS,28,14.844701,74.768975,KA-28-1049
1050,Jammu Railway PS,28,14.8943,74.598574,KA-28-1050
1051,Aurangabad Railway PS,28,14.936467,74.769462,KA-28-1051
1052,Surendranagar Dudhrej West PS,28,14.665236,74.742713,KA-28-1052
1053,Eluru City PS,28,14.743115,74.563156,KA-28-1053
1054,Uttara City PS,28,14.719172,74.558033,KA-28-1054
1055,Uttara Railway PS,28,14.721194,74.65331,KA-28-1055
1056,Nanded West PS,28,14.738521,74.653751,KA-28-1056
1057,Mahbubnagar Town PS,28,14.836027,74.722405,KA-28-1057
1058,Chandrapur Market PS,28,14.657255,74.791375,KA-28-1058
1059,Ongole Cyber PS,28,14.675441,74.772968,KA-28-1059
1060,Begusarai Women PS,28,14.728055,74.814907,KA-28-1060
1061,Hazaribagh Economic Offences PS,28,14.841817,74.679096,KA-28-1061
1062,Uttara South PS,28,14.867626,74.775931,KA-28-1062
1063,Anantapuram Railway PS,28,14.93164,74.580123,KA-28-1063
1064,Nanded West PS,28,14.93321,74.797042,KA-28-1064
1065,Hospet West PS,28,14.92844,74.702957,KA-28-1065
1066,Uttara South PS,28,14.656132,74.708716,KA-28-1066
1067,Junagadh Economic Offences PS,28,14.927694,74.628307,KA-28-1067
1068,Korba Central PS,28,14.861381,74.600421,KA-28-1068
1069,Karnal West PS,28,14.686337,74.592098,KA-28-1069
1070,Vijayanagaram East PS,28,14.701898,74.591307,KA-28-1070
1071,Tenali Market PS,28,14.659916,74.762213,KA-28-1071
1072,Noida South PS,29,14.479299,75.858996,KA-29-1072
1073,Davanagere Town PS,29,14.373625,75.945979,KA-29-1073
1074,Jodhpur Cyber PS,29,14.515789,75.84216,KA-29-1074
1075,Rajahmundry Women PS,29,14.584436,75.867136,KA-29-1075
1076,Imphal North PS,29,14.512227,75.979837,KA-29-1076
1077,Thanjavur Rural PS,29,14.423748,75.8667,KA-29-1077
1078,Davanagere Economic Offences PS,29,14.408364,76.007498,KA-29-1078
1079,Durgapur Central PS,29,14.445237,76.023833,KA-29-1079
1080,Baranagar Rural PS,29,14.413869,75.915786,KA-29-1080
1081,Kolhapur North PS,29,14.406042,75.937302,KA-29-1081
1082,Sultan Pur Majra Rural PS,29,14.338992,75.855985,KA-29-1082
1083,Davanagere Railway PS,29,14.475985,75.85077,KA-29-1083
1084,Davanagere West PS,29,14.33702,75.777389,KA-29-1084
1085,Vijayawada South PS,29,14.558193,75.94547,KA-29-1085
1086,Bardhaman Market PS,29,14.586291,75.937278,KA-29-1086
1087,Jalgaon South PS,29,14.476303,75.967972,KA-29-1087
1088,Bhubaneswar Rural PS,29,14.381392,76.003443,KA-29-1088
1089,Patiala Central PS,29,14.354564,75.922137,KA-29-1089
1090,Bhilai Town PS,29,14.46505,75.970604,KA-29-1090
1091,Mathura Railway PS,29,14.608956,75.977048,KA-29-1091
1092,Berhampore Market PS,29,14.448266,75.825544,KA-29-1092
1093,Bhubaneswar East PS,29,14.604721,75.992576,KA-29-1093
1094,Kavali North PS,29,14.326526,76.000242,KA-29-1094
1095,Davanagere Traffic PS,29,14.425231,75.784643,KA-29-1095
1096,Kottayam Traffic PS,29,14.551838,75.888228,KA-29-1096
1097,Asansol North PS,29,14.326371,75.966357,KA-29-1097
1098,Haldia Town PS,29,14.470812,76.020694,KA-29-1098
1099,Srikakulam Railway PS,29,14.487989,75.942848,KA-29-1099
1100,New Delhi Economic Offences PS,29,14.423989,75.967801,KA-29-1100
1101,Davanagere Railway PS,29,14.389876,76.063602,KA-29-1101
1102,Gaya Traffic PS,29,14.420269,76.032116,KA-29-1102
1103,Loni North PS,29,14.580552,75.773779,KA-29-1103
1104,Jabalpur Rural PS,29,14.383397,75.926162,KA-29-1104
1105,Davanagere Women PS,29,14.370472,75.880467,KA-29-1105
1106,Pali Central PS,29,14.512733,75.896184,KA-29-1106
1107,Varanasi Cyber PS,29,14.458855,75.915444,KA-29-1107
1108,Dindigul Traffic PS,29,14.508578,75.89507,KA-29-1108
1109,Davanagere Traffic PS,29,14.486446,75.820139,KA-29-1109
1110,Pune West PS,30,15.452239,76.35406,KA-30-1110
1111,Vijayanagara Rural PS,30,15.239011,76.597472,KA-30-1111
1112,Jabalpur East PS,30,15.376287,76.573553,KA-30-1112
1113,New Delhi Central PS,30,15.270036,76.335725,KA-30-1113
1114,Amaravati North PS,30,15.326424,76.454501,KA-30-1114
1115,Guntur Traffic PS,30,15.365252,76.548385,KA-30-1115
1116,Nagercoil Railway PS,30,15.371964,76.463241,KA-30-1116
1117,Akola Rural PS,30,15.287801,76.446041,KA-30-1117
1118,Vijayanagara East PS,30,15.298463,76.349664,KA-30-1118
1119,Vijayanagara City PS,30,15.442878,76.461308,KA-30-1119
1120,Nangloi Jat Economic Offences PS,30,15.366653,76.363227,KA-30-1120
1121,Bhavnagar East PS,30,15.448326,76.469429,KA-30-1121
1122,Vijayanagara Market PS,30,15.329672,76.349099,KA-30-1122
1123,Berhampore East PS,30,15.18536,76.59132,KA-30-1123
1124,Durg West PS,30,15.341613,76.421113,KA-30-1124
1125,Varanasi City PS,30,15.313687,76.591526,KA-30-1125
1126,Kalyan-Dombivli North PS,30,15.299371,76.486714,KA-30-1126
1127,Tirupati Central PS,30,15.436157,76.482836,KA-30-1127
1128,Vijayanagara Economic Offences PS,30,15.328142,76.379754,KA-30-1128
1129,Vijayanagara Railway PS,30,15.364488,76.473119,KA-30-1129
1130,Vijayanagara Women PS,30,15.397745,76.546827,KA-30-1130
1131,Tinsukia East PS,30,15.340929,76.422509,KA-30-1131
1132,Nizamabad Traffic PS,30,15.279771,76.418681,KA-30-1132
1133,Jhansi Rural PS,31,11.951711,76.872091,KA-31-1133
1134,Raurkela Industrial Township South PS,31,11.885793,76.876368,KA-31-1134
1135,Bathinda West PS,31,11.837208,76.959331,KA-31-1135
1136,Amravati South PS,31,11.887164,76.960173,KA-31-1136
1137,Junagadh Women PS,31,11.949395,77.025958,KA-31-1137
1138,Gandhidham Economic Offences PS,31,12.0326,76.991485,KA-31-1138
1139,Chamarajanagar Central PS,31,12.011033,77.078474,KA-31-1139
1140,Chamarajanagar Town PS,31,11.896268,76.895231,KA-31-1140
1141,Sonipat South PS,31,11.981469,76.809316,KA-31-1141
1142,Mehsana Economic Offences PS,31,11.777687,76.821027,KA-31-1142
1143,Arrah Rural PS,31,11.956174,76.820142,KA-31-1143
1144,Chamarajanagar Women PS,31,11.800112,76.805027,KA-31-1144
1145,Gwalior Economic Offences PS,31,11.896293,76.990553,KA-31-1145
1146,Vijayawada Women PS,31,11.955342,77.077415,KA-31-1146
1147,Chamarajanagar Railway PS,31,11.924411,76.796913,KA-31-1147
1148,Madanapalle Railway PS,31,12.017273,76.879502,KA-31-1148
1149,Bongaigaon City PS,31,11.929264,77.003235,KA-31-1149
1150,Chamarajanagar East PS,31,11.786918,76.865477,KA-31-1150
